lab_id,paper_id,pi_name,title,cosine,reason
dgist-A5010447099,W4206293549,기영훈,Unveiling the Chemical Diversity of the Deep-Sea Sponge Characella pachastrelloides,0.627,"namesake: outside the PI's research area (primary topic field: Biochemistry, Genetics and Molecular Biology)"
postech-A5100650467,W4399667305,김민성,Multifunctional Microneedle Patch with Diphlorethohydroxycarmalol for Potential Wound Dressing,0.632,namesake: outside the PI's research area (primary topic field: Medicine)
postech-A5100650467,W4308119827,김민성,"Analysis on Road Cycle Club Members"" Participation Types and Satisfaction with Tournament Management",0.643,namesake: outside the PI's research area (primary topic field: Medicine)
postech-A5100650467,W4406453156,김민성,A Study on the Improving Plan of Defense Technology Planning Considering Technology Development and the Defense Planning System,0.698,namesake: outside the PI's research area (primary topic field: Engineering)
kaist-A5102961870,W4318499548,김상규,Adolescent Parvalbumin Expression in the Left Orbitofrontal Cortex Shapes Sociability in Female Mice,0.624,namesake: outside the PI's research area (primary topic field: Psychology)
kaist-A5102961870,W4396589381,김상규,Novel Qnr Families as Conserved and Intrinsic Quinolone Resistance Determinants in Aeromonas spp.,0.652,"namesake: outside the PI's research area (primary topic field: Biochemistry, Genetics and Molecular Biology)"
kaist-A5102961870,W4407406003,김상규,Inositol polyphosphate multikinase regulates Th1 and Th17 cell differentiation by controlling Akt-mTOR signaling,0.662,namesake: outside the PI's research area (primary topic field: Immunology and Microbiology)
postech-A5047859685,W4366423026,김상욱,Study on Actuator Control of Landmine Detection System,0.603,namesake: outside the PI's research area (primary topic field: Computer Science)
postech-A5047859685,W4382196710,김상욱,Phase II study of a trastuzumab biosimilar in combination with paclitaxel for HER2-positive recurrent or metastatic urothelial carcinoma: KCSG GU18-18,0.667,namesake: outside the PI's research area (primary topic field: Medicine)
postech-A5047859685,W4297217146,김상욱,Reduced ageing in the frozen state in the tardigrade Milnesium inceptum (Eutardigrada: Apochela),0.67,namesake: outside the PI's research area (primary topic field: Agricultural and Biological Sciences)
postech-A5047859685,W4412851816,김상욱,Long Term Graft Survival and Rejection Rate of Zero-Human Leukocyte-Leukocyte-Antigen-Mismatched Deceased Donor Kidney Transplant Recipients: A Retrospective Multicentric Cohort Study,0.686,namesake: outside the PI's research area (primary topic field: Medicine)
kaist-A5101520308,W4289712417,김세윤,A Study on the Development of a Clinical Pathway of Korean Medicine for the Management of Patients with Ankle Sprain,0.564,namesake: outside the PI's research area (primary topic field: Medicine)
kaist-A5101520308,W4386472301,김세윤,Clinical Use of Thread Embedding Acupuncture for Temporomandibular Joint Disorder: A Web-Based Survey,0.584,namesake: outside the PI's research area (primary topic field: Health Professions)
kaist-A5101520308,W4414404357,김세윤,The Effectiveness of Korean Medicine Treatment after Hip Surgery: A Retrospective Study,0.598,namesake: outside the PI's research area (primary topic field: Medicine)
kaist-A5101520308,W4389689008,김세윤,Korean Medicine for Gait Disturbance Accompanying Lower Limb Rigidity Caused by Bleeding of Spinal Cavernous Hemangioma: A Case Report,0.606,namesake: outside the PI's research area (primary topic field: Health Professions)
kaist-A5101520308,W4396698868,김세윤,Current Status and Strategies of Thread Embedding Acupuncture on Face: A Survey of Korean Medicine Doctors,0.615,namesake: outside the PI's research area (primary topic field: Medicine)
kaist-A5101520308,W7214322383,김세윤,Co-delivery of methotrexate and curcumin in hyaluronic acid-coated solid lipid nanoparticles for enhanced anti-rheumatic activity in carrageenan-induced arthritis,0.653,namesake: outside the PI's research area (primary topic field: Medicine)
kaist-A5101520308,W4414402682,김세윤,The Current Status of Korean Medicine Treatment at a Public Health Center in a Small to Medium Sized City,0.66,namesake: outside the PI's research area (primary topic field: Medicine)
kaist-A5101520308,W4408513858,김세윤,Phenomenological Study on Cognitive Fatigue Experiences of eSports Participants,0.686,namesake: outside the PI's research area (primary topic field: Psychology)
kaist-A5101520308,W4390505676,김세윤,A Review of Clinical Studies on Acupuncture Application for Abdominal Obesity,0.687,namesake: outside the PI's research area (primary topic field: Medicine)
kaist-A5101520308,W4405971527,김세윤,Case Reports of Weight Loss Effect and Body Composition Change in Obese Patients Using Modified Fasting Therapy with Gambigyeongsin-eum: Two Cases,0.698,namesake: outside the PI's research area (primary topic field: Medicine)
gist-A5100757887,W4229459984,김영준,IKAROS and MENIN coordinate therapeutically actionable leukemogenic gene expression in MLL-r acute myeloid leukemia,0.534,"namesake: outside the PI's research area (primary topic field: Biochemistry, Genetics and Molecular Biology)"
gist-A5100757887,W4401165179,김영준,Clinical outcomes of COVID-19 infection in patients with osteoporosis: a nationwide cohort study in Korea using the common data model,0.547,namesake: outside the PI's research area (primary topic field: Medicine)
gist-A5100757887,W4206373200,김영준,Correlation Analysis between Three‐Dimensional Changes in Pharyngeal Airway Space and Skeletal Changes in Patients with Skeletal Class II Malocclusion following Orthognathic Surgery,0.548,namesake: outside the PI's research area (primary topic field: Medicine)
gist-A5100757887,W4388452710,김영준,The intra- and inter-rater reliability of measuring trunk coronal asymmetry by adjusting positioning variability: A prospective study,0.549,namesake: outside the PI's research area (primary topic field: Medicine)
gist-A5100757887,W4387595297,김영준,Visual and vestibular integration in Parkinson's disease while walking,0.589,namesake: outside the PI's research area (primary topic field: Neuroscience)
gist-A5100757887,W7119491091,김영준,Characterization of Korean Colorectal Cancer Reveals Novel Driver Gene and Clinically Relevant Mutations,0.601,"namesake: outside the PI's research area (primary topic field: Biochemistry, Genetics and Molecular Biology)"
gist-A5100757887,W4416439234,김영준,Transcriptomic analysis of colorectal carcinoma tissues from a Korean population,0.637,namesake: outside the PI's research area (primary topic field: Medicine)
gist-A5100757887,W4308784188,김영준,In vitro and in vivo postprandial hypoglycemic effects and comprehensive metabolite profiling of Dangjo chili pepper (Capsicum annuum L. cv. Dangjo),0.638,namesake: outside the PI's research area (primary topic field: Medicine)
gist-A5100757887,W4303684320,김영준,The Korean undiagnosed diseases program phase I: expansion of the nationwide network and the development of long-term infrastructure,0.665,"namesake: outside the PI's research area (primary topic field: Biochemistry, Genetics and Molecular Biology)"
gist-A5087995307,W4311519762,김용철,Detection of QTLs related to submergence tolerance on germination stage in rice ( Oryza sativa L.),0.532,"namesake: outside the PI's research area (primary topic field: Biochemistry, Genetics and Molecular Biology)"
gist-A5087995307,W4322771427,김용철,Genome-Wide Association Study of Submergence Tolerance in Rice ( Oryza sativa L.),0.534,namesake: outside the PI's research area (primary topic field: Agricultural and Biological Sciences)
gist-A5087995307,W4360604972,김용철,Nutritional Status is Associated With Preserved Kidney Function in Patients With Autosomal Dominant Polycystic Kidney Disease,0.565,"namesake: outside the PI's research area (primary topic field: Biochemistry, Genetics and Molecular Biology)"
gist-A5087995307,W7164296337,김용철,Association between nephrolithiasis and kidney disease progression in patients with autosomal dominant polycystic kidney disease: a prospective cohort study,0.663,"namesake: outside the PI's research area (primary topic field: Biochemistry, Genetics and Molecular Biology)"
kaist-A5028509727,W7147156654,김윤기,Greater sigmoid notch of the olecranon disruption in a minimally displaced pediatric olecranon fracture: A case report,0.446,namesake: outside the PI's research area (primary topic field: Medicine)
kaist-A5028509727,W4399247146,김윤기,Nanoscale Investigation of the Effect of Annealing Temperature on the Polarization Switching Dynamics of Hf0.5Zr0.5O2 Thin Films,0.551,namesake: outside the PI's research area (primary topic field: Engineering)
kaist-A5028509727,W4383295374,김윤기,Freestanding Oxide Membranes for Epitaxial Ferroelectric Heterojunctions,0.553,namesake: outside the PI's research area (primary topic field: Materials Science)
kaist-A5028509727,W4404016142,김윤기,Protonation‐Driven Polarization Retention Failure in Nano‐Columnar Lead‐Free Ferroelectric Thin Films,0.565,namesake: outside the PI's research area (primary topic field: Materials Science)
snu-A5080563770,W4402550607,김재범,Managerial pessimism and investment in corporate social responsibility,0.49,"namesake: outside the PI's research area (primary topic field: Business, Management and Accounting)"
snu-A5080563770,W4297515693,김재범,Characterization of Cubic Zirconia as a Lens Material Suitable for Autonomous Driving,0.558,namesake: outside the PI's research area (primary topic field: Materials Science)
snu-A5080563770,W4396781612,김재범,"Financial information, spillovers, and innovation performance",0.595,"namesake: outside the PI's research area (primary topic field: Business, Management and Accounting)"
snu-A5080563770,W4379654635,김재범,Evaluation of RNAi therapeutics VIR-2218 and ALN-HBV for chronic hepatitis B: Results from randomized clinical trials,0.637,namesake: outside the PI's research area (primary topic field: Medicine)
unist-A5057203654,W4295279836,김재익,P21-24 TAG72 CAR-T cells decreased tumor progression in colorectal cancer xenograft mouse model without on-target off-tumor toxicity,0.606,namesake: outside the PI's research area (primary topic field: Medicine)
kaist-A5100347901,W4368373069,김재훈,Smaller than MLCC: CCW (Ceramic Capacitor Wire),0.521,namesake: outside the PI's research area (primary topic field: Engineering)
kaist-A5100347901,W4389045472,김재훈,Polymeric amino-single-benzene nano-aggregates (PANA) as a Next-Generation glioblastoma photodynamic therapy,0.61,namesake: outside the PI's research area (primary topic field: Engineering)
kaist-A5100347901,W4292582275,김재훈,"The complete mitochondrial genome and phylogenetic position of the Scalpel sawtail Prionurus scalprum Valenciennes, 1835 (Acanthuriformes: Acanthuridae) from Jeju Island, Korea",0.62,"namesake: outside the PI's research area (primary topic field: Biochemistry, Genetics and Molecular Biology)"
kaist-A5100347901,W4381988780,김재훈,Discovering the anti-cancer phytochemical rutin against breast cancer through the methodical platform based on traditional medicinal knowledge,0.637,namesake: outside the PI's research area (primary topic field: Agricultural and Biological Sciences)
postech-A5100635271,W4294708702,김종경,Clinical relevance of serum procalcitonin in patients with aneurysmal subarachnoid hemorrhage,0.583,namesake: outside the PI's research area (primary topic field: Medicine)
postech-A5100635271,W4415293425,김종경,Quality Characteristics of Acacia Bee Pollen and the Correlation between Parameters,0.638,namesake: outside the PI's research area (primary topic field: Agricultural and Biological Sciences)
postech-A5100635271,W4378651370,김종경,The study of error bounds for generalized vector inverse mixed quasi-variational inequalities,0.662,namesake: outside the PI's research area (primary topic field: Computer Science)
postech-A5100334905,W4393046240,김종민,Microstructural Analysis on Grain Boundary of Boron– and Zirconium–Containing Wrought Nickel-Based Superalloys,0.58,namesake: outside the PI's research area (primary topic field: Engineering)
postech-A5100334905,W4400835716,김종민,The Teaching and Learning Methodology and Popularization Methodology of Professional Lectures in Korean literature in Classical Chinese Characters at University,0.586,namesake: outside the PI's research area (primary topic field: Computer Science)
postech-A5100334905,W4415941152,김종민,663MO Phase I trial of an IL13Rα2-targeted CAR-T cell therapy for recurrent malignant glioma: Clinical results and pharmacokinetics,0.589,namesake: outside the PI's research area (primary topic field: Medicine)
postech-A5100334905,W4401172328,김종민,Mechanical Properties and Deformation Behavior of Open-Cell Type Aluminum Foams with Structural Conditions and Alloy Composition,0.605,namesake: outside the PI's research area (primary topic field: Engineering)
postech-A5100334905,W4317521245,김종민,The Correlation between Waist Circumference and the Pro-Inflammatory Adipokines in Diabetic Retinopathy of Type 2 Diabetes Patients,0.607,namesake: outside the PI's research area (primary topic field: Medicine)
postech-A5100334905,W4413348242,김종민,Efficient Recycling Process of Waste Sand with Inorganic Binder via Ultrasonic Treatment,0.617,namesake: outside the PI's research area (primary topic field: Engineering)
postech-A5100334905,W4391614481,김종민,Heat Dissipation of Open-Cell-Type Aluminum Foams Manufactured by Replication-Casting Process,0.638,namesake: outside the PI's research area (primary topic field: Engineering)
postech-A5100334905,W4404903787,김종민,Effect of Stable and Transient Cavitation on Ultrasonic Degassing of Al Alloy,0.649,namesake: outside the PI's research area (primary topic field: Materials Science)
postech-A5100334905,W4300594560,김종민,A study on the band split of power spectral density for a vibration test,0.649,namesake: outside the PI's research area (primary topic field: Engineering)
postech-A5100334905,W4403176865,김종민,Diagnostic accuracy of rapid antigen tests for detection of Delta and Omicron variants of severe acute respiratory syndrome coronavirus 2: Direct evidence from prospective clinical settings,0.651,namesake: outside the PI's research area (primary topic field: Medicine)
postech-A5100334905,W4411836033,김종민,Electronic Structure Tuning of CoS 2 via N‐Heteroatom Doping for Efficient Oxygen Evolution Reaction Application,0.673,namesake: outside the PI's research area (primary topic field: Energy)
postech-A5100334905,W4281787616,김종민,Effect of Photobiomodulation in Suppression of Oxidative Stress on Retinal Pigment Epithelium,0.685,"namesake: outside the PI's research area (primary topic field: Biochemistry, Genetics and Molecular Biology)"
snu-A5082258548,W4393283160,김종서,A Critique of Place Restrictions on Peaceful Assemblies: Focused on Article 11 of the Assembly and Demonstration Act,0.544,namesake: outside the PI's research area (primary topic field: Computer Science)
snu-A5082258548,W4402484579,김종서,"Efficacy, Safety, and Longevity of Hyaluronic Acid Filler Injection in Treating Temple Hollowness by Sonographic Identifying 17 Soft Tissue Layers",0.616,namesake: outside the PI's research area (primary topic field: Medicine)
snu-A5082258548,W4414370996,김종서,Strain‐Driven Selective Stabilization of Metastable TiO 2 Phases,0.618,namesake: outside the PI's research area (primary topic field: Materials Science)
snu-A5082258548,W7166703765,김종서,Isolation and characterization of lactic acid bacteria with broad-spectrum antimicrobial activity from kimchi,0.673,namesake: outside the PI's research area (primary topic field: Agricultural and Biological Sciences)
kaist-A5100372671,W4387959840,김진우,Application Effects of Bacterial Inoculants Producing Chitinase on Corn Silage,0.517,namesake: outside the PI's research area (primary topic field: Agricultural and Biological Sciences)
kaist-A5100372671,W7163819626,김진우,A Study on the Development of an AI-based Work-in-process (WIP) Prediction Framework for Production Management in the Automotive Painting Process,0.523,namesake: outside the PI's research area (primary topic field: Engineering)
kaist-A5100372671,W4405804384,김진우,Correlation between individual thigh muscle volume and grip strength in relation to sarcopenia with automated muscle segmentation,0.545,namesake: outside the PI's research area (primary topic field: Medicine)
kaist-A5100372671,W4400569090,김진우,First Report of Southern Blight caused by Athelia rolfsii on Small Red Bean in Korea,0.555,"namesake: outside the PI's research area (primary topic field: Biochemistry, Genetics and Molecular Biology)"
kaist-A5100372671,W4401642153,김진우,A retrospective evaluation of individual thigh muscle volume disparities based on hip fracture types in followed-up patients: an AI-based segmentation approach using UNETR,0.564,namesake: outside the PI's research area (primary topic field: Medicine)
kaist-A5100372671,W4402897520,김진우,Low pre-immunotherapy forced vital capacity is associated with poor outcomes in non-small cell lung cancer patients receiving immunotherapy regardless of prior treatment history,0.572,namesake: outside the PI's research area (primary topic field: Medicine)
kaist-A5100372671,W4404288877,김진우,Outbreak of Southern Blight of Coastal Hog Fennel caused by Athelia rolfsii,0.573,namesake: outside the PI's research area (primary topic field: Environmental Science)
kaist-A5100372671,W4415732016,김진우,Nanoscale Au–Si eutectic mixtures formed by dewetting of a Au–Ni film on Si 3 N 4,0.612,namesake: outside the PI's research area (primary topic field: Engineering)
kaist-A5100372671,W7166457709,김진우,Antifungal and Antioxidant Activities of Castanea crenata Inner Shell Extract against Dandruff-causing Malassezia furfur,0.624,namesake: outside the PI's research area (primary topic field: Medicine)
kaist-A5100372671,W4391387353,김진우,Efficacy and feasibility of a digital speech therapy for post-stroke dysarthria: protocol for a randomized controlled trial,0.642,namesake: outside the PI's research area (primary topic field: Medicine)
kaist-A5100372671,W4385043128,김진우,Bridging Energy Need and Feeding Behavior: The Impact of eIF2α Phosphorylation in AgRP Neurons,0.664,"namesake: outside the PI's research area (primary topic field: Biochemistry, Genetics and Molecular Biology)"
kaist-A5100372671,W4405088418,김진우,Identifying Trends in Oncology Research through a Bibliographic Analysis of Cancer Research and Treatment,0.67,namesake: outside the PI's research area (primary topic field: Medicine)
kaist-A5100372671,W4415502506,김진우,Structural and dynamic basis of Ssp4-mediated DNA protection in foodborne bacterial spores,0.684,"namesake: outside the PI's research area (primary topic field: Biochemistry, Genetics and Molecular Biology)"
snu-A5100752174,W4414429153,김진홍,High-voltage gain bidirectional two-switch active-clamp forward-flyback converter for low-voltage DC-DC converter for electric vehicles,0.563,namesake: outside the PI's research area (primary topic field: Engineering)
snu-A5100752174,W4415346315,김진홍,A Study on Rollover Risk Analysis Methodology for Ensuring Road Transport Safety of Military Vehicles,0.588,namesake: outside the PI's research area (primary topic field: Medicine)
snu-A5100752174,W4411798892,김진홍,Parameter Identification of Induction Motor Considering Soft Starter Characteristics,0.629,namesake: outside the PI's research area (primary topic field: Engineering)
snu-A5100752174,W4294891570,김진홍,Massive Data Generation for Deep Learning-Aided Wireless Systems Using Meta Learning and Generative Adversarial Network,0.647,namesake: outside the PI's research area (primary topic field: Computer Science)
snu-A5100752174,W4410194426,김진홍,Hybrid AI chiller model using transfer learning: Aleatoric and epistemic uncertainty,0.648,namesake: outside the PI's research area (primary topic field: Engineering)
snu-A5100752174,W4361218594,김진홍,A Study on AI-based SW Similarity Detection Model Design,0.658,namesake: outside the PI's research area (primary topic field: Computer Science)
snu-A5100752174,W4411022398,김진홍,"The adoption and implementation of Lean and Six Sigma in state governments and its impact on efficiency, effectiveness and equity",0.669,"namesake: outside the PI's research area (primary topic field: Business, Management and Accounting)"
snu-A5100752174,W4224326730,김진홍,The effect of FK506 (tacrolimus) loaded with collagen membrane and fibrin glue on promotion of nerve regeneration in a rat sciatic nerve traction injury model,0.669,namesake: outside the PI's research area (primary topic field: Neuroscience)
snu-A5100752174,W4403222602,김진홍,Lithiophilic Protective Dual Layer Enabling Stable Electrodeposition of Lithium at High Current Density,0.675,namesake: outside the PI's research area (primary topic field: Engineering)
snu-A5100752174,W4406807144,김진홍,Comparison of LaBr3:Ce and CeBr3 scintillators for 55Fe detection,0.677,namesake: outside the PI's research area (primary topic field: Physics and Astronomy)
snu-A5100752174,W4313887511,김진홍,Towards deep learning-aided wireless channel estimation and channel state information feedback for 6G,0.678,namesake: outside the PI's research area (primary topic field: Computer Science)
snu-A5100752174,W4309476575,김진홍,Flexible liquid light-guide-based radiation sensor with LaBr3:Ce scintillator for remote gamma-ray spectroscopy,0.681,namesake: outside the PI's research area (primary topic field: Physics and Astronomy)
snu-A5100752174,W4386212018,김진홍,Integrated control of radiant floor heating systems in residential buildings,0.682,namesake: outside the PI's research area (primary topic field: Engineering)
snu-A5100752174,W4319773891,김진홍,Real-time model predictive cooling control for an HVAC system in a factory building,0.683,namesake: outside the PI's research area (primary topic field: Engineering)
snu-A5100752174,W4402307915,김진홍,Simulation study on identification of gamma ray-emitting radionuclides based on scintillation light output ratios,0.686,namesake: outside the PI's research area (primary topic field: Physics and Astronomy)
snu-A5100752174,W4226225242,김진홍,Measurements of low dose rates of gamma-rays using position-sensitive plastic scintillation optical fiber detector,0.687,namesake: outside the PI's research area (primary topic field: Physics and Astronomy)
snu-A5100752174,W4400663510,김진홍,AI-based Mental Health Analysis and Management Strategies for Military Personnel,0.69,namesake: outside the PI's research area (primary topic field: Medicine)
snu-A5100752174,W4416611113,김진홍,Compression‐Guided Formation of Interlocked Membrane–Electrode Interfaces Using Nickel Sponge for Anion Exchange Membrane Electrolysis (Adv. Energy Mater. 44/2025),0.691,namesake: outside the PI's research area (primary topic field: Engineering)
snu-A5100752174,W4414248065,김진홍,Compression‐Guided Formation of Interlocked Membrane–Electrode Interfaces Using Nickel Sponge for Anion Exchange Membrane Electrolysis,0.691,namesake: outside the PI's research area (primary topic field: Energy)
snu-A5100752174,W4377820908,김진홍,Monte Carlo simulations for gamma-ray spectroscopy using bismuth nanoparticle-containing plastic scintillators with spectral subtraction,0.694,namesake: outside the PI's research area (primary topic field: Physics and Astronomy)
snu-A5100752174,W4394019252,김진홍,High-temperature planar heating elements using RuO2 nanosheets,0.697,namesake: outside the PI's research area (primary topic field: Materials Science)
snu-A5100752174,W4301395230,김진홍,Outside Front Cover: Plasma Process. Polym. 10/2022,0.697,namesake: outside the PI's research area (primary topic field: Medicine)
snu-A5100752174,W4398238725,김진홍,Acquiring Gamma-Ray Energy Spectrum Using a Plastic Scintillation Optical Fiber Detector,0.698,namesake: outside the PI's research area (primary topic field: Physics and Astronomy)
snu-A5100752174,W4391031940,김진홍,Rationally Designed Conversion‐Type Lithium Metal Protective Layer for All‐Solid‐State Lithium Metal Batteries,0.7,namesake: outside the PI's research area (primary topic field: Engineering)
postech-A5068518101,W4367044423,김태경,Multi-source deep data fusion and super-resolution for downscaling sea surface temperature guided by Generative Adversarial Network-based spatiotemporal dependency learning,0.58,namesake: outside the PI's research area (primary topic field: Environmental Science)
postech-A5068518101,W4399686097,김태경,Exploring green solvents for the sustainable fabrication of bio-based polylactic acid membranes using nonsolvent-induced phase separation,0.599,namesake: outside the PI's research area (primary topic field: Materials Science)
postech-A5068518101,W4390239648,김태경,Fabrication of Polymer Composite with Enhanced Insulation and Mechanical Properties using Aluminum Borate Nanowhiskers,0.6,namesake: outside the PI's research area (primary topic field: Engineering)
postech-A5068518101,W4411395231,김태경,Prussian Blue Embedded Adsorptive Membrane for Cs Removal,0.61,namesake: outside the PI's research area (primary topic field: Environmental Science)
postech-A5068518101,W4386913489,김태경,Matching-adjusted Indirect Comparison (MAIC) of Tralokinumab Versus Dupilumab for the Treatment of Moderate to Severe Adult Atopic Dermatitis,0.646,namesake: outside the PI's research area (primary topic field: Medicine)
postech-A5068518101,W4399049972,김태경,Understanding Corporate Strategic Actions in Acquiring Treasury Shares: Application of Clustering Method,0.672,"namesake: outside the PI's research area (primary topic field: Economics, Econometrics and Finance)"
dgist-A5100670572,W4389805353,김태완,Tumor–homing peptide iRGD-conjugate enhances tumor accumulation of camptothecin for colon cancer therapy,0.581,"namesake: outside the PI's research area (primary topic field: Biochemistry, Genetics and Molecular Biology)"
dgist-A5100670572,W4399012853,김태완,Antifungal mechanisms investigation of lactic acid bacteria against Aspergillus flavus : through combining microbial metabolomics and co-culture system,0.593,namesake: outside the PI's research area (primary topic field: Agricultural and Biological Sciences)
dgist-A5100670572,W4415407950,김태완,Laterally Confined Monolayer WS 2 Nanodots for Enhanced Excitonic Interaction,0.6,namesake: outside the PI's research area (primary topic field: Materials Science)
dgist-A5100670572,W4298148700,김태완,Challenge exposure to whole cigarette smoke condensate upregulates locomotor sensitization by stimulating α4β2 nicotinic acetylcholine receptors in the nucleus accumbens of rats,0.654,"namesake: outside the PI's research area (primary topic field: Biochemistry, Genetics and Molecular Biology)"
dgist-A5100670572,W4388197837,김태완,Assessment of drought stress in maize growing in coastal reclaimed lands on the Korean Peninsula using vegetation index,0.658,namesake: outside the PI's research area (primary topic field: Agricultural and Biological Sciences)
dgist-A5100670572,W4319655509,김태완,Upregulation of programmed death ligand-1 in tumor-associated macrophages affects chemotherapeutic response in ovarian cancer cells,0.665,namesake: outside the PI's research area (primary topic field: Immunology and Microbiology)
dgist-A5100670572,W4229038055,김태완,Stachydrine derived from fermented rice prevents diet-induced obesity by regulating adipsin and endoplasmic reticulum homeostasis,0.668,"namesake: outside the PI's research area (primary topic field: Biochemistry, Genetics and Molecular Biology)"
dgist-A5100670572,W4410541617,김태완,"Early, very high-dose, and prolonged vitamin C administration in murine sepsis",0.676,namesake: outside the PI's research area (primary topic field: Nursing)
dgist-A5100670572,W4386263162,김태완,Peptides derived from high voltage-gated calcium channel β subunit reduce blood pressure in rats,0.679,"namesake: outside the PI's research area (primary topic field: Biochemistry, Genetics and Molecular Biology)"
dgist-A5100670572,W4389341643,김태완,A Study on the Factors Affecting Issue Ownership in Presidential Election: Focusing on the 20th Presidential Election in South Korea,0.697,namesake: outside the PI's research area (primary topic field: Social Sciences)
dgist-A5021944943,W4415039897,남창훈,Hydrogen Evolution via Oxygen Tolerant [NiFe]‐Hydrogenase Immobilized on TiO 2 Nanotubes,0.671,namesake: outside the PI's research area (primary topic field: Energy)
postech-A5069176618,W4306382249,박상기,Comparison of Active Components and Quality Characteristics of Black Tea from Korean Tea Cultivars,0.543,namesake: outside the PI's research area (primary topic field: Agricultural and Biological Sciences)
postech-A5069176618,W4285405986,박상기,Differences in Ingredient and Taste of Black Tea between Drying Methods,0.577,namesake: outside the PI's research area (primary topic field: Agricultural and Biological Sciences)
postech-A5069176618,W4389955451,박상기,Effects of high-temperature thermal reduction on thermal conductivity of reduced graphene oxide polymer composites,0.625,namesake: outside the PI's research area (primary topic field: Materials Science)
postech-A5069176618,W4385635818,박상기,On‐Chip Reconstitution of Uniformly Shear‐Sensing 3D Matrix‐Embedded Multicellular Blood Microvessel,0.652,namesake: outside the PI's research area (primary topic field: Engineering)
postech-A5069176618,W4392473271,박상기,On‐Chip Reconstitution of Uniformly Shear‐Sensing 3D Matrix‐Embedded Multicellular Blood Microvessel (Adv. Funct. Mater. 10/2024),0.657,namesake: outside the PI's research area (primary topic field: Materials Science)
gist-A5100740580,W4379600189,박지환,Vasomotor and other menopause symptoms and the prevalence of ideal cardiovascular health metrics among premenopausal stage women,0.599,namesake: outside the PI's research area (primary topic field: Medicine)
gist-A5100740580,W4377104067,박지환,"Additional record of Tuponia Reuter (Heteroptera, Miridae, Phylinae) from Korea, with a new synonym and discussion on distribution",0.607,namesake: outside the PI's research area (primary topic field: Agricultural and Biological Sciences)
gist-A5100740580,W4309007171,박지환,Design of Static Random-Access Memory Cell for Fault Tolerant Digital System,0.608,namesake: outside the PI's research area (primary topic field: Engineering)
gist-A5100740580,W4281617875,박지환,Alcohol Consumption Patterns and Risk of Early-Onset Vasomotor Symptoms in Premenopausal Women,0.611,namesake: outside the PI's research area (primary topic field: Medicine)
gist-A5100740580,W4281250206,박지환,Ideal Cardiovascular Health Metrics and Risk of Incident Early-Onset Vasomotor Symptoms Among Premenopausal Women,0.613,namesake: outside the PI's research area (primary topic field: Medicine)
gist-A5100740580,W4392919603,박지환,Early-onset vasomotor symptoms and development of depressive symptoms among premenopausal women,0.622,namesake: outside the PI's research area (primary topic field: Medicine)
gist-A5100740580,W4412049224,박지환,Menopausal stage transitions and associations with overall and domain-specific perceived stress in middle-aged Korean women,0.624,namesake: outside the PI's research area (primary topic field: Medicine)
gist-A5100740580,W4388102258,박지환,410 Analysis of the Efficacy of Targeted Temperature Management in OHCA Patients Undergoing Extracorporeal Cardiopulmonary Resuscitation,0.629,namesake: outside the PI's research area (primary topic field: Medicine)
gist-A5100740580,W4286629393,박지환,Regulatory Modules Involved in the Degradation and Modification of Host Cell Walls During Cuscuta campestris Invasion,0.629,namesake: outside the PI's research area (primary topic field: Agricultural and Biological Sciences)
gist-A5100740580,W4376873681,박지환,Association of endometriosis with genital human papillomavirus infection in US women: a national population-based study,0.638,namesake: outside the PI's research area (primary topic field: Medicine)
gist-A5100740580,W4388031637,박지환,"413 The Impact of Targeted Temperature Management on Outcomes in OHCA patients Caused by Drowning, Asphyxia, and Self- Strangulation",0.643,namesake: outside the PI's research area (primary topic field: Medicine)
gist-A5100740580,W4406527129,박지환,Involvement of MID1-COMPLEMENTING ACTIVITY 1 encoding a mechanosensitive ion channel in prehaustorium development of the stem parasitic plant Cuscuta campestris,0.656,namesake: outside the PI's research area (primary topic field: Agricultural and Biological Sciences)
gist-A5100740580,W4402519944,박지환,Menopausal stage transitions and their associations with overall and individual sleep quality in middle-aged Korean women,0.662,namesake: outside the PI's research area (primary topic field: Psychology)
gist-A5100740580,W4372334037,박지환,DDM1-mediated gene body DNA methylation is associated with inducible activation of defense-related genes in Arabidopsis,0.666,namesake: outside the PI's research area (primary topic field: Agricultural and Biological Sciences)
gist-A5100740580,W7117470387,박지환,Talk Until You Drop: Lively Discussions at the 7th International Conference on Plant Vascular Biology 2025 in Osaka,0.671,namesake: outside the PI's research area (primary topic field: Agricultural and Biological Sciences)
gist-A5100740580,W4412981588,박지환,Hearing changes and trajectories during the menopausal transition and their association with metabolic factors,0.677,namesake: outside the PI's research area (primary topic field: Neuroscience)
gist-A5100740580,W4408328417,박지환,Large-Scale Teleradiology and Evolving Virtual Imaging Service in South Korea,0.679,namesake: outside the PI's research area (primary topic field: Medicine)
unist-A5008036043,W4388312600,박태주,Towards modeling of ZrO2 atomic layer deposition at reactor scale based on experimental kinetic approximation,0.56,namesake: outside the PI's research area (primary topic field: Engineering)
unist-A5008036043,W4366989600,박태주,Neurogenic Thoracic Outlet Syndrome Induced by Subclavius Muscle Hypertrophy: A Case Report,0.574,namesake: outside the PI's research area (primary topic field: Medicine)
unist-A5008036043,W4293107089,박태주,A Study on the Development of Evaluation Criteria for the Readability of Narrative Texts,0.631,namesake: outside the PI's research area (primary topic field: Medicine)
unist-A5008036043,W4403989335,박태주,Controlled Engineering of Defects and Interfaces in Thermoelectric Materials With Atomic Layer Deposition,0.64,namesake: outside the PI's research area (primary topic field: Materials Science)
kaist-A5062127128,W4393943247,손종우,Assessment Methods for Problematic Eating Behaviors in Children and Adolescents With Autism Spectrum Disorder,0.695,namesake: outside the PI's research area (primary topic field: Neuroscience)
snu-A5055820463,W4386024104,윤태영,"S307: CEVIDOPLENIB (SKI-O-703), A NOVEL SYK INHIBITOR, REDUCES ANTIPHOSPHOLIPID ANTIBODY TITERS AND PREVENTS INTRAMYOCARDIAL SMALL ARTERIAL THROMBOSIS IN A MOUSE MODEL OF ANTIPHOSPHOLIPID SYNDROME",0.659,namesake: outside the PI's research area (primary topic field: Medicine)
snu-A5055820463,W4308555274,윤태영,A novel selective spleen tyrosine kinase inhibitor SKI-O-703 (cevidoplenib) ameliorates lupus nephritis and serum-induced arthritis in murine models,0.69,namesake: outside the PI's research area (primary topic field: Immunology and Microbiology)
unist-A5035895380,W4296556759,윤혜진,Introducing Patient Safety Activities in Canada: Focused on Medication Incidents and Preventions,0.542,namesake: outside the PI's research area (primary topic field: Medicine)
dgist-A5000829476,W4295814118,이병훈,Factors Associated to Physical Activity Among University Faculty and Staffs : Using The Theory of Planned Behavior,0.645,namesake: outside the PI's research area (primary topic field: Medicine)
dgist-A5078210130,W4316672412,이상임,Collaborative Implementation Process of the Toddler Class Curriculum Created by Toddlers and Teachers Together,0.644,namesake: outside the PI's research area (primary topic field: Computer Science)
dgist-A5078210130,W4390893642,이상임,Educational Meaning of Implementing Curriculum Created by Infants and Teachers Together,0.65,namesake: outside the PI's research area (primary topic field: Computer Science)
unist-A5007769445,W4413883071,이상준,Brain–computer interface control with artificial intelligence copilots,0.557,namesake: outside the PI's research area (primary topic field: Neuroscience)
kaist-A5100434399,W4409310722,이승재,"The Flora of Vascular plants and Characteristics of Vegetation Structure of Forest Genetic Resources Reserve in Mt. Balwang, South Korea1a",0.548,namesake: outside the PI's research area (primary topic field: Agricultural and Biological Sciences)
kaist-A5100434399,W4391091908,이승재,Intravascular Imaging-Guided Percutaneous Coronary Intervention Before and After Standardized Optimization Protocols,0.595,namesake: outside the PI's research area (primary topic field: Medicine)
kaist-A5100434399,W7134276480,이승재,Clinical Impact of Diabetes Mellitus After Intravascular Imaging–Guided PCI vs Coronary Artery Bypass Grafting,0.596,namesake: outside the PI's research area (primary topic field: Medicine)
kaist-A5100434399,W4290458948,이승재,Comparative study of coating agents for prevention of fine-dust-induced light transmittance reduction in greenhouse covering materials,0.617,namesake: outside the PI's research area (primary topic field: Environmental Science)
kaist-A5100434399,W4388486674,이승재,Optical Coherence Tomography Compared With Intravascular Ultrasound and Angiography in Complex Coronary Artery Lesions,0.62,namesake: outside the PI's research area (primary topic field: Medicine)
kaist-A5100434399,W4416097985,이승재,Phylogenetic structure and β‐diversity reveal assembly mechanisms of subalpine Abies forests in South Korea,0.641,namesake: outside the PI's research area (primary topic field: Environmental Science)
kaist-A5100434399,W4416369124,이승재,Optical coherence tomography-guided stent optimization for complex coronary lesions: the OCCUPI trial,0.647,namesake: outside the PI's research area (primary topic field: Medicine)
kaist-A5100434399,W4389309359,이승재,An Analysis of Social Value Priorities Affecting Low Fertility Rate and Suggestions for Maintaining Industrial Manpower in South Korea,0.656,namesake: outside the PI's research area (primary topic field: Social Sciences)
kaist-A5100434399,W4394722258,이승재,Research on Globalization Measures Through Ssireum’s AI Technology,0.662,"namesake: outside the PI's research area (primary topic field: Economics, Econometrics and Finance)"
kaist-A5100434399,W4400868145,이승재,Effect of Wearing Individually Tailored Arch Support Insoles in College Golfers on Golf Performance and Lower Extremity Muscle Fatigue,0.664,namesake: outside the PI's research area (primary topic field: Engineering)
kaist-A5100434399,W4380606777,이승재,Characteristics of Ssireum in Kisan Kim Junkeun’s Genre Painting,0.671,namesake: outside the PI's research area (primary topic field: Computer Science)
kaist-A5100434399,W4408011277,이승재,Design of an Image Acquisition System for Non-Destructive Testing Using High Energy Radiation,0.678,namesake: outside the PI's research area (primary topic field: Engineering)
snu-A5100638533,W4405821347,이원재,Quality improvement of SiC single crystal by modification of hot zone design adoption with denser graphite insulation in PVT growth,0.569,namesake: outside the PI's research area (primary topic field: Engineering)
snu-A5100638533,W4395681555,이원재,"Clinical Characteristics, Diagnosis, and Treatment of Thyroid Stimulating Hormone-Secreting Pituitary Neuroendocrine Tumor (TSH PitNET): A Single-Center Experience",0.612,namesake: outside the PI's research area (primary topic field: Medicine)
snu-A5100638533,W4391536322,이원재,"Clinical Characteristics, Diagnosis, and Treatment of Thyroid Stimulating Hormone-Secreting Pituitary Neuroendocrine Tumor (TSH PitNET): A Single-Center Experience",0.614,namesake: outside the PI's research area (primary topic field: Medicine)
snu-A5100638533,W4386758102,이원재,The pattern of intra-/inter-hemispheric interactions of left and right hemispheres in visual word processing,0.621,namesake: outside the PI's research area (primary topic field: Neuroscience)
snu-A5100638533,W4408410407,이원재,Novel anti-CD73-IL-2v bispecific fusion protein augments antitumor immunity by alleviating immunosuppressive adenosine pathways in CD8+ T cells,0.622,"namesake: outside the PI's research area (primary topic field: Biochemistry, Genetics and Molecular Biology)"
snu-A5100638533,W4411652539,이원재,The association between multi-inflammatory index and long-term mortality in post-myocardial infarction patients treated with percutaneous coronary intervention,0.64,namesake: outside the PI's research area (primary topic field: Medicine)
snu-A5100638533,W4410478142,이원재,Analyzing the Mediating Role of Career Commitment in the Relationship Between Employee Engagement and Innovative Behavior Among Participants in the International Taekwondo Master Training,0.647,namesake: outside the PI's research area (primary topic field: Computer Science)
snu-A5100638533,W4317502671,이원재,Multiple Site Dissimilarities of Herbaceous Species Due to Coal Fly Ash Dumping Based Soil Heavy Metal Toxication,0.683,namesake: outside the PI's research area (primary topic field: Earth and Planetary Sciences)
snu-A5100364611,W4416202650,이은주,MALDI mass spectrometry analysis of N -glycans through DMTMM-mediated benzylamidation and Girard's reagent P labeling,0.518,"namesake: outside the PI's research area (primary topic field: Biochemistry, Genetics and Molecular Biology)"
snu-A5100364611,W4295540358,이은주,How communication scholars see open scholarship,0.617,namesake: outside the PI's research area (primary topic field: Decision Sciences)
snu-A5073145639,W4391939246,이일하,Cardiopulmonary and recovery effect of intravenous caffeine in anesthetized Beagle dogs,0.513,namesake: outside the PI's research area (primary topic field: Medicine)
snu-A5073145639,W4317211514,이일하,Effect of temperature-responsive hydrogel on femoral and sciatic nerve block using bupivacaine in Beagle dogs,0.564,namesake: outside the PI's research area (primary topic field: Medicine)
snu-A5073145639,W4317211369,이일하,Effect of thermo-responsive hydrogel on epidural anesthesia in Beagle dogs,0.576,namesake: outside the PI's research area (primary topic field: Medicine)
snu-A5100366248,W7196943487,이준호,Dynamic Switching Friendly Jamming for Physical-Layer Security in LEO Constellations,0.552,namesake: outside the PI's research area (primary topic field: Computer Science)
snu-A5100366248,W7161728850,이준호,Synergistic effect of pyridinic and graphitic nitrogen in reduced graphene oxide for enhanced oxygen reduction reaction and metal-free electro-Fenton,0.574,namesake: outside the PI's research area (primary topic field: Energy)
snu-A5100366248,W4388002638,이준호,Porous Ni–Fe–Cr electrocatalyst for the oxygen and hydrogen evolution reaction via facile one-step electrodeposition,0.591,namesake: outside the PI's research area (primary topic field: Energy)
snu-A5100366248,W4386385526,이준호,Genomic molecular epidemiology of carbapenemase-producing Escherichia coli ST410 isolates by complete genome analysis,0.677,"namesake: outside the PI's research area (primary topic field: Biochemistry, Genetics and Molecular Biology)"
snu-A5100447456,W7118068601,이지영,Clinical utility of longitudinal circulating tumor DNA analysis in metastatic colorectal cancer patients receiving palliative chemotherapy,0.459,"namesake: outside the PI's research area (primary topic field: Biochemistry, Genetics and Molecular Biology)"
snu-A5100447456,W4398766350,이지영,Transcriptome profiling and characterization of peritoneal metastasis ovarian cancer xenografts in humanized mice,0.55,namesake: outside the PI's research area (primary topic field: Medicine)
snu-A5100447456,W4322155148,이지영,Development and Verification of the Effectiveness of Neutralization Devices for Human Body Detoxification in Cases of Hazardous Chemical Exposure,0.584,namesake: outside the PI's research area (primary topic field: Agricultural and Biological Sciences)
snu-A5100447456,W4410830891,이지영,Genome-wide association studies in a large Korean cohort identify quantitative trait loci for 36 traits and illuminate their genetic architectures,0.594,"namesake: outside the PI's research area (primary topic field: Biochemistry, Genetics and Molecular Biology)"
snu-A5100447456,W4213029256,이지영,A Historical Study on the quoted constructions: focusing on [V-otʌy] constructions and [V-kilul] constructions,0.594,namesake: outside the PI's research area (primary topic field: Agricultural and Biological Sciences)
snu-A5100447456,W4281257462,이지영,3D Neural Network Composed of Neurospheroid and Bionanohybrid on Microelectrode Array to Realize the Spatial Input Signal Recognition in Neurospheroid,0.612,namesake: outside the PI's research area (primary topic field: Neuroscience)
snu-A5100447456,W4223942824,이지영,Nanoindentation and TEM investigation of spark plasma sintered TiB2–SiC composite,0.634,namesake: outside the PI's research area (primary topic field: Materials Science)
snu-A5100447456,W4409403796,이지영,Advancing Gut Microbiome Research: The Shift from Metagenomics to Multi-Omics and Future Perspectives,0.637,"namesake: outside the PI's research area (primary topic field: Biochemistry, Genetics and Molecular Biology)"
snu-A5100447456,W4308694970,이지영,Riparian Vegetation Monitoring and Health Assessment by Pilot Opening of Nakdonggang River Estuary1a,0.644,namesake: outside the PI's research area (primary topic field: Agricultural and Biological Sciences)
snu-A5100447456,W4285796057,이지영,Effect of iron nanoparticles on spark plasma sinterability of ZrB2-based ceramics,0.646,namesake: outside the PI's research area (primary topic field: Materials Science)
snu-A5100447456,W4400150035,이지영,Astaxanthin Inhibits Alcohol-Induced Cell Damage Through the Modulation of Mitochondrial Unfolded Protein Response in Kupffer Cells,0.65,namesake: outside the PI's research area (primary topic field: Agricultural and Biological Sciences)
snu-A5100447456,W4292264873,이지영,3D Neural Network Composed of Neurospheroid and Bionanohybrid on Microelectrode Array to Realize the Spatial Input Signal Recognition in Neurospheroid (Small Methods 8/2022),0.659,"namesake: outside the PI's research area (primary topic field: Biochemistry, Genetics and Molecular Biology)"
dgist-A5037567383,W4414088880,이창훈,A Study on Target/Non-target Identification and Projectile Classification Algorithms Using Counter-battery Radar Measurements,0.656,namesake: outside the PI's research area (primary topic field: Engineering)
dgist-A5037567383,W4409512586,이창훈,Efficacy and safety of Fluralaner plus Moxidectin spot on against the infestation of internal and external parasites,0.672,namesake: outside the PI's research area (primary topic field: Environmental Science)
snu-A5052639020,W4414394901,이현숙,Expression profiling of flowering time pathway in the L-ascorbate peroxidase 9 (APX9) near-isogenic line derived from an interspecific cross between Korean Japonica rice (Oryza sativa L.) and Oryza rufipogon,0.548,"namesake: outside the PI's research area (primary topic field: Biochemistry, Genetics and Molecular Biology)"
snu-A5052639020,W4205623032,이현숙,A Novel Embryo Phenotype Associated With Interspecific Hybrid Weakness in Rice Is Controlled by the MADS-Domain Transcription Factor OsMADS8,0.577,namesake: outside the PI's research area (primary topic field: Agricultural and Biological Sciences)
snu-A5052639020,W4402206582,이현숙,Mid-Late Maturing Glutinous Rice Cultivar ‘JJ644wx’ with Multiple Disease Resistance and Lodging Tolerance,0.579,namesake: outside the PI's research area (primary topic field: Agricultural and Biological Sciences)
snu-A5052639020,W4410545895,이현숙,Machine Learning-Based Heading Date QTL Detection in Rice,0.593,namesake: outside the PI's research area (primary topic field: Chemistry)
snu-A5052639020,W4323308803,이현숙,"The Multiple Disease-resistant, Mid-late Maturing Rice Cultivar ‘Chamdongjin’, Carrying the Bacterial Blight Resistance Gene Xa21 , with the Genetic Background of ‘Sindongjin’",0.594,namesake: outside the PI's research area (primary topic field: Agricultural and Biological Sciences)
snu-A5052639020,W4310638963,이현숙,Characterization of Domestication Loci Associated with Awn Development in Rice,0.599,"namesake: outside the PI's research area (primary topic field: Biochemistry, Genetics and Molecular Biology)"
snu-A5052639020,W4289868607,이현숙,Interaction of starch branching enzyme 3 and granule-bound starch synthase 1 alleles increases amylose content and alters physico-chemical properties in japonica rice (Oryza sativa L.),0.599,namesake: outside the PI's research area (primary topic field: Nursing)
snu-A5052639020,W4414026623,이현숙,Analysis of Seed Vigor and Grain Quality Traits under Accelerated Aging Treatment in japonica Rice,0.602,namesake: outside the PI's research area (primary topic field: Agricultural and Biological Sciences)
snu-A5052639020,W7140526854,이현숙,Integrating image-based phenotyping and QTL mapping to enhance genetic resistance and accelerate breeding for bacterial grain rot resistance in rice,0.622,namesake: outside the PI's research area (primary topic field: Agricultural and Biological Sciences)
snu-A5052639020,W4322760787,이현숙,Allelic Diversity at Protein Disulfide Isomerase Like 1-1 (PDIL1-1) Gene is Associated with Amylose Content in Japonica Rice,0.63,namesake: outside the PI's research area (primary topic field: Engineering)
snu-A5052639020,W4295346003,이현숙,Significant improvement in the acetone sensing performance of Ag-decorated ZnO porous nanosheets through defect engineering by Li-ion implantation,0.635,namesake: outside the PI's research area (primary topic field: Engineering)
snu-A5052639020,W4385188553,이현숙,Highly stable and reversible hydrogen sensors using Pd-coated SnO2 nanorods and an electrode–substrate interface as a parallel conduction channel,0.639,namesake: outside the PI's research area (primary topic field: Engineering)
snu-A5052639020,W4398174938,이현숙,GWAS analysis reveals the genetic basis of blast resistance associated with heading date in rice,0.647,"namesake: outside the PI's research area (primary topic field: Biochemistry, Genetics and Molecular Biology)"
snu-A5052639020,W4404333126,이현숙,Validating a Diagnostic Tool for Assessing Software Competency in College Students,0.657,namesake: outside the PI's research area (primary topic field: Computer Science)
snu-A5052639020,W7151239923,이현숙,Early hydrogen gas detection as a predictive strategy for thermal runaway mitigation in lithium-ion batteries under variable heating conditions,0.659,namesake: outside the PI's research area (primary topic field: Engineering)
snu-A5052639020,W4313220061,이현숙,The Present Conditions and Meaning of the ritual implements for the land-God(地鎭具) in Baekje,0.659,namesake: outside the PI's research area (primary topic field: Arts and Humanities)
snu-A5052639020,W4388537119,이현숙,Structural analysis of building site during the Ungjin period of Baekje,0.664,namesake: outside the PI's research area (primary topic field: Arts and Humanities)
snu-A5052639020,W4412707818,이현숙,Spontaneous mutation in OsABCI8 caused an albino rice mutant induced by transplanting,0.668,"namesake: outside the PI's research area (primary topic field: Biochemistry, Genetics and Molecular Biology)"
snu-A5052639020,W4281618740,이현숙,Factors Associated with Job Satisfaction in Integrated Service and General Unit Nurses in General Hospitals,0.677,namesake: outside the PI's research area (primary topic field: Nursing)
snu-A5052639020,W4392380314,이현숙,Establishment of a patient-specific avatar organoid model derived from EUS-guided fine-needle biopsy for timely clinical application in pancreatic ductal adenocarcinoma (with video),0.691,namesake: outside the PI's research area (primary topic field: Medicine)
snu-A5016011384,W4392559351,이홍균,Effect of a Low-Intensity Combined Exercise Program using Props on the Daily Living Fitness and Quality of Life of Elderly Women,0.534,namesake: outside the PI's research area (primary topic field: Health Professions)
snu-A5016011384,W4368404747,이홍균,The Effects of PNF Pattern Walkinng on Gait Ability and Foot Plantar Pressure Balance in the Senile,0.684,namesake: outside the PI's research area (primary topic field: Health Professions)
gist-A5075061660,W4416930931,조경래,"Prognostic value of 18F-FDG PET/CT volumetric parameters in childhood, adolescent, and young adult Hodgkin lymphoma (CAYAHL): a systematic review from the international SEARCH group (Staging, Evaluation and Response Criteria Harmonization)",0.673,namesake: outside the PI's research area (primary topic field: Medicine)
postech-A5052023515,W4408695367,최규하,ETV5 reduces androgen receptor expression and induces neural stem–like properties during neuroendocrine prostate cancer development,0.644,namesake: outside the PI's research area (primary topic field: Medicine)
snu-A5057696830,W4287009871,최연희,Capsanthin Inhibits Atherosclerotic Plaque Formation and Vascular Inflammation in ApoE−/− Mice,0.527,namesake: outside the PI's research area (primary topic field: Medicine)
snu-A5057696830,W7133543923,최연희,APE1/Ref-1 redox function prevents VSMC phenotypic switching through KLF4 suppression,0.677,"namesake: outside the PI's research area (primary topic field: Biochemistry, Genetics and Molecular Biology)"
snu-A5091015282,W4415610899,최희정,Antiviral effect of Hoveniae Semen Seu Fructus against Influenza A viral infection,0.606,namesake: outside the PI's research area (primary topic field: Medicine)
snu-A5091015282,W4416943581,최희정,The E2F1-HMGCR axis promotes ferroptosis resistance in immune refractory tumor cells,0.663,namesake: outside the PI's research area (primary topic field: Medicine)
snu-A5091015282,W4400873579,최희정,Selaginella tamariscina Ethanol Extract Attenuates Influenza A Virus Infection by Inhibiting Hemagglutinin and Neuraminidase,0.685,"namesake: outside the PI's research area (primary topic field: Biochemistry, Genetics and Molecular Biology)"
snu-A5091015282,W4389592974,최희정,Hoveniae Semen Seu Fructus water extract inhibits influenza A virus infection,0.689,namesake: outside the PI's research area (primary topic field: Medicine)
kaist-A5055397906,W4206506537,한진희,Ginsenoside F1 Protects the Brain against Amyloid Beta-Induced Toxicity by Regulating IDE and NEP,0.664,"namesake: outside the PI's research area (primary topic field: Biochemistry, Genetics and Molecular Biology)"
snu-A5027374744,W7140910958,황대희,"Association between smoking cessation and depressive symptoms according to cessation duration, pack-years, and tobacco product type: a nationwide cross-sectional study in Korea",0.695,namesake: outside the PI's research area (primary topic field: Medicine)
kaist-A5102961870,W4313245047,김상규,Effect of Low-Temperature Tolerant Rootstocks on the Growth and Fruit Quality of Watermelon in Semi-Forcing and Retarding Culture,0.777,namesake: outside the PI's research area (primary topic field: Agricultural and Biological Sciences; second review pass)
kaist-A5101520308,W4390503486,김세윤,Effects of Pharmacoacupuncture for Obesity: A Systematic Review and Meta-Analysis,0.716,namesake: outside the PI's research area (primary topic field: Medicine; second review pass)
kaist-A5100372671,W4401853059,김진우,Enhancement of skin regeneration through activation of TGF-β/SMAD signaling pathway by Panax ginseng meyer non-edible callus-derived extracellular vesicles,0.723,"namesake: outside the PI's research area (primary topic field: Biochemistry, Genetics and Molecular Biology; second review pass)"
kaist-A5100372671,W4403000980,김진우,Melanin Synthesis Gene Inhibition Effect through Inhibition of Tyrosinase and TRPs Expression of Coriandrum sativum-derived Exosome,0.695,"namesake: outside the PI's research area (primary topic field: Biochemistry, Genetics and Molecular Biology; second review pass)"
kaist-A5100372671,W4388619229,김진우,Alleviative effect of microalgae on scopolamine-induced dry eye mouse model,0.714,namesake: outside the PI's research area (primary topic field: Medicine; second review pass)
kaist-A5100372671,W4312647226,김진우,Global Histone Modifications Predict the Outcome of Glaucoma Surgery,0.772,"namesake: outside the PI's research area (primary topic field: Biochemistry, Genetics and Molecular Biology; second review pass)"
kaist-A5062127128,W4390598924,손종우,Assessment Methods for Problematic Eating Behaviors in Children and Adolescents With Autism Spectrum Disorder,0.689,namesake: outside the PI's research area (primary topic field: Medicine; second review pass)
kaist-A5087466819,W4226150208,윤기준,Potential toxicity of inorganic ions in particulate matter: Ion permeation in lung and disruption of cell metabolism,0.744,namesake: outside the PI's research area (primary topic field: Environmental Science; second review pass)
kaist-A5100434399,W4410036172,이승재,Bioengineered Approaches for Esophageal Regeneration: Advancing Esophageal Cancer Therapy,0.689,namesake: outside the PI's research area (primary topic field: Medicine; second review pass)
kaist-A5100434399,W4404620335,이승재,Convergence Performance and Optimal Design Using Crow Search Algorithm Considering the Qubits,0.73,namesake: outside the PI's research area (primary topic field: Computer Science; second review pass)
kaist-A5100434399,W4381737026,이승재,Identification of Hub Genes and Upstream Regulatory Factors Based on Cell Adhesion in Triple-negative Breast Cancer by Integrated Bioinformatical Analysis,0.74,"namesake: outside the PI's research area (primary topic field: Biochemistry, Genetics and Molecular Biology; second review pass)"
kaist-A5038114229,W4414283474,임대식,Korean red ginseng extract suppresses food allergy by remodeling the gut microbiota and restoring immune homeostasis in IL4raF709 mice,0.714,"namesake: outside the PI's research area (primary topic field: Biochemistry, Genetics and Molecular Biology; second review pass)"
snu-A5080563770,W4412852211,김재범,Longitudinal Multi-Omics Profiling Reveals Molecular Responses in a Living Human Receiving a Gene-Edited Pig Kidney Xenograft,0.703,"namesake: outside the PI's research area (primary topic field: Biochemistry, Genetics and Molecular Biology; second review pass)"
snu-A5080563770,W4394721001,김재범,Short-Term Immuno-Molecular Landscape in 10-Gene Edited Pig-to-Human Heart Xenografts,0.704,"namesake: outside the PI's research area (primary topic field: Biochemistry, Genetics and Molecular Biology; second review pass)"
snu-A5080563770,W4386836891,김재범,"A Relationship Between Dietary Protein Sources and Their Adequacy, Body Composition and Risk of Sarcopenic Obesity in South Korean Populations",0.703,namesake: outside the PI's research area (primary topic field: Medicine; second review pass)
snu-A5100752174,W7164822307,김진홍,The Effect of a 24-Week Combined Exercise Program on Changes in Bone Mineral Density in Postmenopausal Middle-Aged Women,0.747,namesake: outside the PI's research area (primary topic field: Medicine; second review pass)
snu-A5100752174,W7162875919,김진홍,Prediction of low birth weight using machine learning-based analysis of environmental and maternal risk factors: insights from the Korean CHildren's ENvironmental health study (Ko-CHENS),0.692,namesake: outside the PI's research area (primary topic field: Medicine; second review pass)
snu-A5100752174,W4415214506,김진홍,Explainable fault detection and diagnosis in HVAC systems using a Koopman operator with normal data,0.672,namesake: outside the PI's research area (primary topic field: Engineering; second review pass)
snu-A5100752174,W4414409917,김진홍,Trends in intelligent sensor‐based customized management technologies for sewer infrastructures,0.693,namesake: outside the PI's research area (primary topic field: Environmental Science; second review pass)
snu-A5100752174,W4412529685,김진홍,Domain-invariant representation learning for generalizable chiller model: a real-world case study,0.696,namesake: outside the PI's research area (primary topic field: Engineering; second review pass)
snu-A5100752174,W4411937948,김진홍,The Influence of Disability Acceptance on Quality of Life in Injured Workers with Permanent Disabilities: Focusing on the Mediating Effect of Self-Efficacy,0.693,namesake: outside the PI's research area (primary topic field: Health Professions; second review pass)
snu-A5100752174,W4412143715,김진홍,Analysis of Trends in Return-to-Work Program Participation (2018-2023) Following Changes in Industrial Accident Insurance Policy,0.707,namesake: outside the PI's research area (primary topic field: Engineering; second review pass)
snu-A5100752174,W4409733453,김진홍,Scalable Fe‐Rich Corroded Steel Wool Electrodes for Industrial Anion Exchange Membrane Water Electrolysis with a Two‐Order‐of‐Magnitude Cost Reduction,0.703,namesake: outside the PI's research area (primary topic field: Energy; second review pass)
snu-A5100752174,W4409644609,김진홍,Time-of-flight based one-dimensional position estimation of radioactive sources using artificial neural network model,0.689,namesake: outside the PI's research area (primary topic field: Physics and Astronomy; second review pass)
snu-A5100752174,W4409011810,김진홍,Optimizing Initial Vancomycin Dosing in Hospitalized Patients Using Machine Learning Approach for Enhanced Therapeutic Outcomes: Algorithm Development and Validation Study,0.725,namesake: outside the PI's research area (primary topic field: Medicine; second review pass)
snu-A5100752174,W4407768312,김진홍,"Accuracy, generalizability, and extrapolation ability of physics-based, data-driven, and hybrid models for real-life cooling towers",0.753,namesake: outside the PI's research area (primary topic field: Engineering; second review pass)
snu-A5100752174,W4403443294,김진홍,Occupant behavioural freedom in building energy use,0.705,namesake: outside the PI's research area (primary topic field: Engineering; second review pass)
snu-A5100752174,W4403133456,김진홍,Perovskite Nanocrystal-Coated Inorganic Scintillator-Based Fiber-Optic Gamma-ray Sensor with Higher Light Yields,0.689,namesake: outside the PI's research area (primary topic field: Physics and Astronomy; second review pass)
snu-A5100752174,W4403002473,김진홍,A Study on Drug Manufacturing System Case Appraisal,0.707,namesake: outside the PI's research area (primary topic field: Health Professions; second review pass)
snu-A5100752174,W4400618699,김진홍,Feasibility of a position-sensitive Cherenkov radiation detector using a reflector-coated liquid light guide,0.687,namesake: outside the PI's research area (primary topic field: Physics and Astronomy; second review pass)
snu-A5100752174,W4394723975,김진홍,REAL-TIME PERFORMANCE PREDICTION OF A PHYSICS-BASED PUMP SYSTEM SIMULATION USING BAYESIAN OPTIMIZATION,0.735,namesake: outside the PI's research area (primary topic field: Physics and Astronomy; second review pass)
snu-A5100752174,W4393986371,김진홍,A Study Using Business TRIZ to Improve the Performance of Food Manufacturing Companies: Focusing on 6th Industry Certified Companies Located in the Gyeongbuk Region,0.695,namesake: outside the PI's research area (primary topic field: Computer Science; second review pass)
snu-A5100752174,W4391380186,김진홍,Synergistic Combination of Dual Clays in Multilayered Nanocomposites for Enhanced Flame Retardant Properties,0.696,namesake: outside the PI's research area (primary topic field: Materials Science; second review pass)
snu-A5100752174,W4379057874,김진홍,Feasibility study on fiber-optic inorganic scintillator array sensor system for multi-dimensional scanning of radioactive waste,0.67,namesake: outside the PI's research area (primary topic field: Physics and Astronomy; second review pass)
snu-A5079920356,W4402892897,라젠드라 카르키,Chungtaejeon (CTJ) inhibits adhesion and migration of VSMC through cytoskeletal remodeling pathway,0.705,namesake: outside the PI's research area (primary topic field: Medicine; second review pass)
snu-A5056148684,W7214033436,석영재,"Full-scale translation of methane-enhancement strategies in sewage sludge anaerobic digestion: evidence, constraints, and decision support",0.771,namesake: outside the PI's research area (primary topic field: Engineering; second review pass)
snu-A5100638533,W4417126083,이원재,Trapped by selective attention: The role of attentional processes in the emergence and prevention of learning traps.,0.711,namesake: outside the PI's research area (primary topic field: Neuroscience; second review pass)
snu-A5100638533,W4412185700,이원재,The Mediating Role of Exercise Engagement Between Peer Feedback and Participation Intention in Swimming Clubs,0.704,namesake: outside the PI's research area (primary topic field: Social Sciences; second review pass)
snu-A5100638533,W4403507939,이원재,Learning traps and change blindness in dynamic environments.,0.741,namesake: outside the PI's research area (primary topic field: Decision Sciences; second review pass)
snu-A5100638533,W2795314115,이원재,A Large-Scale Multi-ancestry Genome-wide Study Accounting for Smoking Behavior Identifies Multiple Significant Loci for Blood Pressure,0.756,"namesake: outside the PI's research area (primary topic field: Biochemistry, Genetics and Molecular Biology; second review pass)"
snu-A5100638533,W4390742300,이원재,Effects of a 2-Week Kinect-Based Mixed-Reality Exercise Program on Prediabetes: A Pilot Trial during COVID-19,0.7,namesake: outside the PI's research area (primary topic field: Medicine; second review pass)
snu-A5100638533,W4387027370,이원재,Perception of Olympic Host City Residents for Olympic Legacy: A Case of the 2018 Pyeongchang Olympic Winter Games,0.71,namesake: outside the PI's research area (primary topic field: Social Sciences; second review pass)
snu-A5100638533,W4311379721,이원재,Bacterial Laccases as Biocatalysts for the Remediation of Environmental Toxic Pollutants: A Green and Eco-Friendly Approach—A Review,0.717,namesake: outside the PI's research area (primary topic field: Agricultural and Biological Sciences; second review pass)
snu-A5100638533,W4313329591,이원재,How to Improve a Basketball Team Performance: Delphi Method,0.698,namesake: outside the PI's research area (primary topic field: Health Professions; second review pass)
snu-A5100638533,W4296523701,이원재,Comparison of Gait Initiation Characteristics according to External Cue for Parkinson’s Patient,0.719,namesake: outside the PI's research area (primary topic field: Health Professions; second review pass)
snu-A5100366248,W4407892029,이준호,Explainable Graph Neural Network-based Time Series Anomaly Detection,0.723,namesake: outside the PI's research area (primary topic field: Computer Science; second review pass)
snu-A5100366248,W4220762780,이준호,A Preliminary Study for Identifying Quantitative Trait Loci Associated with Seed Production in Radish Using Genotyping-by-Sequencing,0.729,"namesake: outside the PI's research area (primary topic field: Biochemistry, Genetics and Molecular Biology; second review pass)"
snu-A5100447456,W4401932197,이지영,Identification of novel anti-obesity saponins from the ovary of sea cucumber (Stichopus japonicus),0.684,namesake: outside the PI's research area (primary topic field: Agricultural and Biological Sciences; second review pass)
snu-A5100447456,W4318939584,이지영,Monitoring on Bolboschoenus planiculmis Restoration in Nakdong River Estuary: Implications for Wetland Restoration Using Shoot Transplantation,0.725,namesake: outside the PI's research area (primary topic field: Agricultural and Biological Sciences; second review pass)
snu-A5100447456,W4293104760,이지영,Utility of epi-illumination light microscopy for wood identification,0.678,namesake: outside the PI's research area (primary topic field: Chemistry; second review pass)
snu-A5052639020,W4415021352,이현숙,"Relationships Between Multicultural Beliefs, Multicultural Acceptance, and Cultural Diversity Competence Among Pre-service Early Childhood Teachers",0.664,namesake: outside the PI's research area (primary topic field: Social Sciences; second review pass)
snu-A5052639020,W4406002638,이현숙,Spatial Structure and Cultural Landscape of Woongjin-capital in Baekje,0.648,namesake: outside the PI's research area (primary topic field: Arts and Humanities; second review pass)
snu-A5052639020,W4387704446,이현숙,Genetic assessment of pathogenic germline alterations in lysosomal genes among Asian patients with pancreatic ductal adenocarcinoma,0.701,namesake: outside the PI's research area (primary topic field: Medicine; second review pass)
snu-A5052639020,W4322488173,이현숙,A Study on the Impact of Perception of Inequality on Perception of State Responsibility: Focusing on the Mediating Effect of Equality Orientation Perception and Equity Orientation Perception,0.683,namesake: outside the PI's research area (primary topic field: Social Sciences; second review pass)
snu-A5052639020,W4297347857,이현숙,A Study on the Youth Citizenship Competency Scale,0.669,namesake: outside the PI's research area (primary topic field: Social Sciences; second review pass)
snu-A5052639020,W4312987905,이현숙,A Study on Influences of the Income Inequality and Fairness Perception on Government Responsibility Perception of Income Disparities,0.72,"namesake: outside the PI's research area (primary topic field: Business, Management and Accounting; second review pass)"
snu-A5052639020,W4285012877,이현숙,Effects of Pulsed Magnetic Field on Macrophage,0.749,"namesake: outside the PI's research area (primary topic field: Biochemistry, Genetics and Molecular Biology; second review pass)"
snu-A5057696830,W4412953436,최연희,Development of gene-based markers for black fruit color traits based on GBS-GWAS analysis of tomato germplasms,0.747,"namesake: outside the PI's research area (primary topic field: Biochemistry, Genetics and Molecular Biology; second review pass)"
snu-A5091015282,W7160825901,최희정,"Natural products, traditional medicine, and aging mechanisms: future directions for healthy aging research",0.777,namesake: outside the PI's research area (primary topic field: Neuroscience; second review pass)
snu-A5091015282,W4404496569,최희정,Antiviral Effect of Amentoflavone Against Influenza Viruses,0.715,"namesake: outside the PI's research area (primary topic field: Biochemistry, Genetics and Molecular Biology; second review pass)"
snu-A5043286860,W4416223912,허원기,"Design, Synthesis, and Biological Evaluation of C2-(N-Substituted Amino) Truncated 4′-Thioadenosine Derivatives as A 2A AR and A 3 AR Dual Ligands",0.777,"namesake: outside the PI's research area (primary topic field: Biochemistry, Genetics and Molecular Biology; second review pass)"
postech-A5100650467,W4401900392,김민성,Developing a hybrid carbonic anhydrase with exceptional high temperature and alkaline environments resistance for efficient CO2 capture from air,0.712,"namesake: outside the PI's research area (primary topic field: Biochemistry, Genetics and Molecular Biology; second review pass)"
postech-A5100650467,W4297148990,김민성,"Relationship between CEO Characteristics, Accounting Information Use, and Management Performance in the Professional Construction Industry",0.647,namesake: outside the PI's research area (primary topic field: Medicine; second review pass)
postech-A5047859685,W4403816995,김상욱,Prognostic assessment based on the trajectory of artificial intelligence-enabled electrocardiograms for age estimation,0.719,namesake: outside the PI's research area (primary topic field: Medicine; second review pass)
postech-A5100635271,W4205904887,김종경,"AUPHOS, A “FIRST-IN CLASS” ORAL AGENT FOR CORRECTING METABOLIC DYSFUNCTION IN IBD",0.708,namesake: outside the PI's research area (primary topic field: Medicine; second review pass)
postech-A5100334905,W4404349769,김종민,Regeneration of the female reproductive tract using 3D bioprinting technology,0.703,namesake: outside the PI's research area (primary topic field: Medicine; second review pass)
postech-A5100334905,W4312080758,김종민,Effect of photobiomodulation in suppression of oxidative stress on retinal pigment epithelium,0.663,namesake: outside the PI's research area (primary topic field: Medicine; second review pass)
postech-A5100334905,W4220780566,김종민,Three-Dimensional Microfilament Printing of a Decellularized Extracellular Matrix (dECM) Bioink Using a Microgel Printing Bath for Nerve Graft Fabrication and the Effectiveness of dECM Graft Combined with a Polycaprolactone Conduit,0.69,namesake: outside the PI's research area (primary topic field: Neuroscience; second review pass)
postech-A5069176618,W4385483099,박상기,Unveiling potentially convergent key events related to adverse outcome pathways induced by silver nanoparticles via cross-species omics-scale analysis,0.778,namesake: outside the PI's research area (primary topic field: Environmental Science; second review pass)
gist-A5100740580,W4410312185,박지환,Photobiomodulation Promotes Early Recovery of Olfactory Function and Modulates Neuroprotective Gene Expression in a Mouse Model of Ischemic Stroke,0.748,namesake: outside the PI's research area (primary topic field: Neuroscience; second review pass)
gist-A5100740580,W4416987223,박지환,Longitudinal patterns and group heterogeneity of depressive symptoms during menopausal transition in middle-aged Korean women,0.699,namesake: outside the PI's research area (primary topic field: Medicine; second review pass)
gist-A5100740580,W4395080455,박지환,Protocol Structure and Sequence Detection Method for Multi-Protocol Analysis,0.726,namesake: outside the PI's research area (primary topic field: Computer Science; second review pass)
gist-A5100740580,W4307920665,박지환,Deep learning model to predict Epstein–Barr virus associated gastric cancer in histology,0.763,namesake: outside the PI's research area (primary topic field: Medicine; second review pass)
gist-A5100740580,W4307743032,박지환,"Dawn-to-dusk dry fasting induces anti-atherosclerotic, anti-inflammatory, and anti-tumorigenic proteome in peripheral blood mononuclear cells in subjects with metabolic syndrome",0.78,namesake: outside the PI's research area (primary topic field: Medicine; second review pass)
gist-A5100740580,W4220838791,박지환,Temporal patterns of chronic disease incidence after breast cancer: a nationwide population-based cohort study,0.763,namesake: outside the PI's research area (primary topic field: Medicine; second review pass)
gist-A5100740580,W4221076019,박지환,"ACCURACY OF 22 EQUATIONS FOR ESTIMATING LOW-DENSITY LIPOPROTEIN CHOLESTEROL IN A DATABASE OF 5,051,467 PATIENTS",0.725,namesake: outside the PI's research area (primary topic field: Medicine; second review pass)
gist-A5100740580,W4211204077,박지환,Quantifying the contribution of lipoprotein(a) to all apoB containing particles,0.74,namesake: outside the PI's research area (primary topic field: Medicine; second review pass)
gist-A5100740580,W4225682703,박지환,Quantifying the Contribution of Lipoprotein (a) to Atherogenic Lipoprotein Burden: A Novel Particle-Based Approach,0.75,namesake: outside the PI's research area (primary topic field: Medicine; second review pass)
gist-A5075061660,W4401643933,조경래,"Neuroblastoma, Version 2.2024, NCCN Clinical Practice Guidelines in Oncology",0.72,namesake: outside the PI's research area (primary topic field: Medicine; second review pass)
dgist-A5100670572,W4410979360,김태완,Study on the Wintering Home Range and Habitat use of Mallard (Anas platyrhynchos) using GPS Tracking Devices,0.677,namesake: outside the PI's research area (primary topic field: Environmental Science; second review pass)
dgist-A5100670572,W4405687273,김태완,Strategic Voter Reaction to Media Coverage of Political News: Evidence of ‘Secondary Priming’,0.687,namesake: outside the PI's research area (primary topic field: Social Sciences; second review pass)
dgist-A5100670572,W4404863429,김태완,"Cellular internalization, cytotoxicity and DNA binding property of 2,3-diaminophenazine, synthesized using Jeanbandyite, a heterogeneous catalyst",0.735,namesake: outside the PI's research area (primary topic field: Chemistry; second review pass)
dgist-A5100670572,W4402999963,김태완,Chlorophyll Fluorescence Analysis for the Assessment of High Temperature Stress in Citrus During the Coloration Period,0.756,namesake: outside the PI's research area (primary topic field: Agricultural and Biological Sciences; second review pass)
dgist-A5100670572,W4404354638,김태완,Effectiveness of bactericide for controlling fireblight of pear tree using chlorophyll fluorescence technology,0.666,"namesake: outside the PI's research area (primary topic field: Biochemistry, Genetics and Molecular Biology; second review pass)"
dgist-A5100670572,W4311892821,김태완,A Study on Historical Consumption of Local Governments - Focusing on Gojong-si Dried Persimmon Festival in Hamyang -,0.69,namesake: outside the PI's research area (primary topic field: Computer Science; second review pass)
dgist-A5015429226,W7119466384,예경무,Magnetic hyperthermia-induced hydrogen therapy for cancer treatment using PEG-coated Mg–Ni Degradable microrobots,0.764,namesake: outside the PI's research area (primary topic field: Physics and Astronomy; second review pass)
dgist-A5037567383,W4392162726,이창훈,Probing Temperature-Induced Plasmonic Nonlinearity: Unveiling Opto-Thermal Effects on Light Absorption and Near-Field Enhancement,0.723,namesake: outside the PI's research area (primary topic field: Engineering; second review pass)
dgist-A5037567383,W4307134458,이창훈,Super‐resolved three‐dimensional near‐field mapping by defocused imaging and tracking of fluorescent emitters,0.686,namesake: outside the PI's research area (primary topic field: Engineering; second review pass)
