lab_id,paper_id,pi_name,cosine,senior,home,year,venue,title,already_excluded
unist-A5068286820,W4312156983,Robert James Mitchell,0.675,False,True,2022,Trends in biotechnology,Biosensors for healthcare: current and future perspectives,False
unist-A5041027236,W4206268572,강세병,0.691,False,True,2022,Scientific Reports,Construction of SARS-CoV-2 virus-like particles in plant,False
unist-A5041027236,W4281743737,강세병,0.696,False,True,2022,Biosensors and Bioelectronics,Highly sensitive pregnancy test kit via oriented antibody conjugation on brush-type ligand-coated quantum beads,False
dgist-A5010447099,W4206293549,기영훈,0.627,False,False,2022,Marine Drugs,Unveiling the Chemical Diversity of the Deep-Sea Sponge Characella pachastrelloides,False
postech-A5100650467,W4399667305,김민성,0.632,False,True,2024,Tissue Engineering and Regenerative Medicine,Multifunctional Microneedle Patch with Diphlorethohydroxycarmalol for Potential Wound Dressing,False
postech-A5100650467,W4308119827,김민성,0.643,True,True,2022,Korean Journal of Sports Science,"Analysis on Road Cycle Club Members"" Participation Types and Satisfaction with Tournament Management",False
postech-A5100650467,W4406453156,김민성,0.698,False,True,2024,한국방위산업학회지,A Study on the Improving Plan of Defense Technology Planning Considering Technology Development and the Defense Planning System,False
kaist-A5102961870,W4318499548,김상규,0.624,False,True,2023,Journal of Neuroscience,Adolescent Parvalbumin Expression in the Left Orbitofrontal Cortex Shapes Sociability in Female Mice,False
kaist-A5102961870,W4396589381,김상규,0.652,False,False,2024,Journal of Microbiology and Biotechnology,Novel Qnr Families as Conserved and Intrinsic Quinolone Resistance Determinants in Aeromonas spp.,False
kaist-A5102961870,W4407406003,김상규,0.662,False,True,2025,Cell Reports,Inositol polyphosphate multikinase regulates Th1 and Th17 cell differentiation by controlling Akt-mTOR signaling,False
postech-A5047859685,W4366423026,김상욱,0.603,False,True,2023,Journal of the KNST,Study on Actuator Control of Landmine Detection System,False
postech-A5047859685,W4382196710,김상욱,0.667,False,False,2023,ESMO Open,Phase II study of a trastuzumab biosimilar in combination with paclitaxel for HER2-positive recurrent or metastatic urothelial carcinoma: KCSG GU18-18,False
postech-A5047859685,W4297217146,김상욱,0.67,False,True,2022,Journal of Zoology,Reduced ageing in the frozen state in the tardigrade Milnesium inceptum (Eutardigrada: Apochela),False
postech-A5047859685,W4412851816,김상욱,0.686,False,False,2025,American Journal of Transplantation,Long Term Graft Survival and Rejection Rate of Zero-Human Leukocyte-Leukocyte-Antigen-Mismatched Deceased Donor Kidney Transplant Recipients: A Retrospective Multicentric Cohort Study,False
kaist-A5101520308,W4289712417,김세윤,0.564,False,False,2022,Journal of Korean Medicine Rehabilitation,A Study on the Development of a Clinical Pathway of Korean Medicine for the Management of Patients with Ankle Sprain,False
kaist-A5101520308,W4386472301,김세윤,0.584,False,False,2023,Journal of Korean Medicine Rehabilitation,Clinical Use of Thread Embedding Acupuncture for Temporomandibular Joint Disorder: A Web-Based Survey,False
kaist-A5101520308,W4414404357,김세윤,0.598,False,False,2025,Journal of Korean Medicine Rehabilitation,The Effectiveness of Korean Medicine Treatment after Hip Surgery: A Retrospective Study,False
kaist-A5101520308,W4389689008,김세윤,0.606,False,False,2023,Journal of Korean Medicine Rehabilitation,Korean Medicine for Gait Disturbance Accompanying Lower Limb Rigidity Caused by Bleeding of Spinal Cavernous Hemangioma: A Case Report,False
kaist-A5101520308,W4396698868,김세윤,0.615,False,False,2024,Journal of Korean Medicine Rehabilitation,Current Status and Strategies of Thread Embedding Acupuncture on Face: A Survey of Korean Medicine Doctors,False
kaist-A5101520308,W7214322383,김세윤,0.653,False,False,2026,Journal of Pharmaceutical Investigation,Co-delivery of methotrexate and curcumin in hyaluronic acid-coated solid lipid nanoparticles for enhanced anti-rheumatic activity in carrageenan-induced arthritis,False
kaist-A5101520308,W4414402682,김세윤,0.66,False,False,2025,Journal of Korean Medicine Rehabilitation,The Current Status of Korean Medicine Treatment at a Public Health Center in a Small to Medium Sized City,False
kaist-A5101520308,W7167071088,김세윤,0.661,True,True,2026,Trends in Biochemical Sciences,Voices across Asia and Oceania: Biochemistry across borders,False
kaist-A5101520308,W4408513858,김세윤,0.686,False,True,2025,Journal of the Korean society for Wellness,Phenomenological Study on Cognitive Fatigue Experiences of eSports Participants,False
kaist-A5101520308,W4390505676,김세윤,0.687,False,False,2023,Journal of Korean Medicine for Obesity Research,A Review of Clinical Studies on Acupuncture Application for Abdominal Obesity,False
kaist-A5101520308,W4405971527,김세윤,0.698,False,False,2024,Journal of Korean Medicine for Obesity Research,Case Reports of Weight Loss Effect and Body Composition Change in Obese Patients Using Modified Fasting Therapy with Gambigyeongsin-eum: Two Cases,False
gist-A5100757887,W4229459984,김영준,0.534,False,False,2022,Nature Cancer,IKAROS and MENIN coordinate therapeutically actionable leukemogenic gene expression in MLL-r acute myeloid leukemia,False
gist-A5100757887,W4401165179,김영준,0.547,False,False,2024,Scientific Reports,Clinical outcomes of COVID-19 infection in patients with osteoporosis: a nationwide cohort study in Korea using the common data model,False
gist-A5100757887,W4206373200,김영준,0.548,False,False,2022,BioMed Research International,Correlation Analysis between Three‐Dimensional Changes in Pharyngeal Airway Space and Skeletal Changes in Patients with Skeletal Class II Malocclusion following Orthognathic Surgery,False
gist-A5100757887,W4388452710,김영준,0.549,False,False,2023,Journal of Back and Musculoskeletal Rehabilitation,The intra- and inter-rater reliability of measuring trunk coronal asymmetry by adjusting positioning variability: A prospective study,False
gist-A5100757887,W4387595297,김영준,0.589,False,False,2023,Parkinsonism & Related Disorders,Visual and vestibular integration in Parkinson's disease while walking,False
gist-A5100757887,W7119491091,김영준,0.601,False,False,2026,MedComm,Characterization of Korean Colorectal Cancer Reveals Novel Driver Gene and Clinically Relevant Mutations,False
gist-A5100757887,W4416439234,김영준,0.637,True,False,2026,BMB Reports,Transcriptomic analysis of colorectal carcinoma tissues from a Korean population,False
gist-A5100757887,W4308784188,김영준,0.638,False,False,2022,Food Bioscience,In vitro and in vivo postprandial hypoglycemic effects and comprehensive metabolite profiling of Dangjo chili pepper (Capsicum annuum L. cv. Dangjo),False
gist-A5100757887,W4303684320,김영준,0.665,False,True,2022,Orphanet Journal of Rare Diseases,The Korean undiagnosed diseases program phase I: expansion of the nationwide network and the development of long-term infrastructure,False
gist-A5100757887,W4386897487,김영준,0.693,False,True,2023,American Journal of Physiology-Endocrinology and Metabolism,Endoplasmic reticulum stress in pancreatic β cells induces incretin desensitization and β-cell dysfunction via ATF4-mediated PDE4D expression,False
gist-A5087995307,W4311519762,김용철,0.532,False,False,2022,Korean Journal of Breeding Science,Detection of QTLs related to submergence tolerance on germination stage in rice ( Oryza sativa L.),False
gist-A5087995307,W4322771427,김용철,0.534,False,False,2023,Plant Breeding and Biotechnology,Genome-Wide Association Study of Submergence Tolerance in Rice ( Oryza sativa L.),False
gist-A5087995307,W4360604972,김용철,0.565,False,False,2023,Journal of Renal Nutrition,Nutritional Status is Associated With Preserved Kidney Function in Patients With Autosomal Dominant Polycystic Kidney Disease,False
gist-A5087995307,W7164296337,김용철,0.663,False,False,2026,Clinical Kidney Journal,Association between nephrolithiasis and kidney disease progression in patients with autosomal dominant polycystic kidney disease: a prospective cohort study,False
kaist-A5028509727,W7147156654,김윤기,0.446,False,False,2026,Journal of Musculoskeletal Surgery and Research,Greater sigmoid notch of the olecranon disruption in a minimally displaced pediatric olecranon fracture: A case report,False
kaist-A5028509727,W4399247146,김윤기,0.551,False,False,2024,Advanced Materials Interfaces,Nanoscale Investigation of the Effect of Annealing Temperature on the Polarization Switching Dynamics of Hf0.5Zr0.5O2 Thin Films,False
kaist-A5028509727,W4383295374,김윤기,0.553,False,False,2023,ACS Nano,Freestanding Oxide Membranes for Epitaxial Ferroelectric Heterojunctions,False
kaist-A5028509727,W4404016142,김윤기,0.565,False,False,2024,Advanced Science,Protonation‐Driven Polarization Retention Failure in Nano‐Columnar Lead‐Free Ferroelectric Thin Films,False
snu-A5080563770,W4402550607,김재범,0.49,True,True,2024,Journal of Business Research,Managerial pessimism and investment in corporate social responsibility,False
snu-A5080563770,W4297515693,김재범,0.558,False,False,2022,Photonics,Characterization of Cubic Zirconia as a Lens Material Suitable for Autonomous Driving,False
snu-A5080563770,W4396781612,김재범,0.595,True,False,2024,Journal of Accounting and Public Policy,"Financial information, spillovers, and innovation performance",False
snu-A5080563770,W4379654635,김재범,0.637,False,False,2023,Journal of Hepatology,Evaluation of RNAi therapeutics VIR-2218 and ALN-HBV for chronic hepatitis B: Results from randomized clinical trials,False
unist-A5057203654,W4295279836,김재익,0.606,False,False,2022,Toxicology Letters,P21-24 TAG72 CAR-T cells decreased tumor progression in colorectal cancer xenograft mouse model without on-target off-tumor toxicity,False
kaist-A5100347901,W4368373069,김재훈,0.521,False,False,2023,IMAPSource Proceedings,Smaller than MLCC: CCW (Ceramic Capacitor Wire),False
kaist-A5100347901,W4389045472,김재훈,0.61,True,False,2023,Chemical Engineering Journal,Polymeric amino-single-benzene nano-aggregates (PANA) as a Next-Generation glioblastoma photodynamic therapy,False
kaist-A5100347901,W4292582275,김재훈,0.62,False,False,2022,Mitochondrial DNA Part B,"The complete mitochondrial genome and phylogenetic position of the Scalpel sawtail Prionurus scalprum Valenciennes, 1835 (Acanthuriformes: Acanthuridae) from Jeju Island, Korea",False
kaist-A5100347901,W4381988780,김재훈,0.637,False,False,2023,BMB Reports,Discovering the anti-cancer phytochemical rutin against breast cancer through the methodical platform based on traditional medicinal knowledge,False
postech-A5100635271,W4294708702,김종경,0.583,False,False,2022,Experimental and Therapeutic Medicine,Clinical relevance of serum procalcitonin in patients with aneurysmal subarachnoid hemorrhage,False
postech-A5100635271,W4415293425,김종경,0.638,False,False,2025,ACS Food Science & Technology,Quality Characteristics of Acacia Bee Pollen and the Correlation between Parameters,False
postech-A5100635271,W4378651370,김종경,0.662,False,False,2023,Filomat,The study of error bounds for generalized vector inverse mixed quasi-variational inequalities,False
postech-A5100635271,W4404016656,김종경,0.698,False,True,2024,Frontiers in Plant Science,The genetically programmed rhythmic alteration of diurnal gene expression in the aged Arabidopsis leaves,False
postech-A5100334905,W4393046240,김종민,0.58,False,False,2024,Crystals,Microstructural Analysis on Grain Boundary of Boron– and Zirconium–Containing Wrought Nickel-Based Superalloys,False
postech-A5100334905,W4400835716,김종민,0.586,True,True,2024,Han Mun Hak Bo,The Teaching and Learning Methodology and Popularization Methodology of Professional Lectures in Korean literature in Classical Chinese Characters at University,False
postech-A5100334905,W4415941152,김종민,0.589,True,True,2025,Annals of Oncology,663MO Phase I trial of an IL13Rα2-targeted CAR-T cell therapy for recurrent malignant glioma: Clinical results and pharmacokinetics,False
postech-A5100334905,W4401172328,김종민,0.605,False,False,2024,Metals,Mechanical Properties and Deformation Behavior of Open-Cell Type Aluminum Foams with Structural Conditions and Alloy Composition,False
postech-A5100334905,W4317521245,김종민,0.607,False,True,2023,International Journal of Molecular Sciences,The Correlation between Waist Circumference and the Pro-Inflammatory Adipokines in Diabetic Retinopathy of Type 2 Diabetes Patients,False
postech-A5100334905,W4413348242,김종민,0.617,False,False,2025,Applied Sciences,Efficient Recycling Process of Waste Sand with Inorganic Binder via Ultrasonic Treatment,False
postech-A5100334905,W4391614481,김종민,0.638,False,False,2024,Metals,Heat Dissipation of Open-Cell-Type Aluminum Foams Manufactured by Replication-Casting Process,False
postech-A5100334905,W4404903787,김종민,0.649,False,False,2024,Metals,Effect of Stable and Transient Cavitation on Ultrasonic Degassing of Al Alloy,False
postech-A5100334905,W4300594560,김종민,0.649,True,False,2022,Journal of Mechanical Science and Technology,A study on the band split of power spectral density for a vibration test,False
postech-A5100334905,W4403176865,김종민,0.651,False,False,2024,Medicine,Diagnostic accuracy of rapid antigen tests for detection of Delta and Omicron variants of severe acute respiratory syndrome coronavirus 2: Direct evidence from prospective clinical settings,False
postech-A5100334905,W4411836033,김종민,0.673,False,False,2025,International Journal of Energy Research,Electronic Structure Tuning of CoS 2 via N‐Heteroatom Doping for Efficient Oxygen Evolution Reaction Application,False
postech-A5100334905,W4281787616,김종민,0.685,False,True,2022,International Journal of Molecular Sciences,Effect of Photobiomodulation in Suppression of Oxidative Stress on Retinal Pigment Epithelium,False
postech-A5100334905,W7117232523,김종민,0.698,True,True,2025,Scientific Reports,Prostate cancer diagnosis using sensitive and sophisticated machine learning classifiers based on non-invasive urinary RNA biomarkers (PCASSO),False
snu-A5082258548,W4393283160,김종서,0.544,True,True,2024,Center for Public Interest & Human Rights Law Chonnam National University,A Critique of Place Restrictions on Peaceful Assemblies: Focused on Article 11 of the Assembly and Demonstration Act,False
snu-A5082258548,W4402484579,김종서,0.616,True,True,2024,Plastic & Reconstructive Surgery Global Open,"Efficacy, Safety, and Longevity of Hyaluronic Acid Filler Injection in Treating Temple Hollowness by Sonographic Identifying 17 Soft Tissue Layers",False
snu-A5082258548,W4414370996,김종서,0.618,False,False,2025,Small,Strain‐Driven Selective Stabilization of Metastable TiO 2 Phases,False
snu-A5082258548,W7166703765,김종서,0.673,False,True,2026,Korean Journal of Food Science and Technology,Isolation and characterization of lactic acid bacteria with broad-spectrum antimicrobial activity from kimchi,False
kaist-A5100372671,W4387959840,김진우,0.517,False,True,2023,Han-guk choji josaryo hakoeji,Application Effects of Bacterial Inoculants Producing Chitinase on Corn Silage,False
kaist-A5100372671,W7163819626,김진우,0.523,True,False,2026,Journal of the Korean Society for Precision Engineering,A Study on the Development of an AI-based Work-in-process (WIP) Prediction Framework for Production Management in the Automotive Painting Process,False
kaist-A5100372671,W4405804384,김진우,0.545,False,False,2024,PLoS ONE,Correlation between individual thigh muscle volume and grip strength in relation to sarcopenia with automated muscle segmentation,False
kaist-A5100372671,W4400569090,김진우,0.555,True,True,2024,Journal of Agriculture & Life Science,First Report of Southern Blight caused by Athelia rolfsii on Small Red Bean in Korea,False
kaist-A5100372671,W4401642153,김진우,0.564,False,False,2024,PeerJ,A retrospective evaluation of individual thigh muscle volume disparities based on hip fracture types in followed-up patients: an AI-based segmentation approach using UNETR,False
kaist-A5100372671,W4402897520,김진우,0.572,False,False,2024,Therapeutic Advances in Medical Oncology,Low pre-immunotherapy forced vital capacity is associated with poor outcomes in non-small cell lung cancer patients receiving immunotherapy regardless of prior treatment history,False
kaist-A5100372671,W4404288877,김진우,0.573,True,True,2024,Journal of Agriculture & Life Science,Outbreak of Southern Blight of Coastal Hog Fennel caused by Athelia rolfsii,False
kaist-A5100372671,W4415732016,김진우,0.612,False,False,2025,RSC Advances,Nanoscale Au–Si eutectic mixtures formed by dewetting of a Au–Ni film on Si 3 N 4,False
kaist-A5100372671,W7166457709,김진우,0.624,False,False,2026,Asian Journal of Beauty and Cosmetology,Antifungal and Antioxidant Activities of Castanea crenata Inner Shell Extract against Dandruff-causing Malassezia furfur,False
kaist-A5100372671,W4391387353,김진우,0.642,False,False,2024,Frontiers in Neurology,Efficacy and feasibility of a digital speech therapy for post-stroke dysarthria: protocol for a randomized controlled trial,False
kaist-A5100372671,W4385043128,김진우,0.664,True,False,2023,Diabetes,Bridging Energy Need and Feeding Behavior: The Impact of eIF2α Phosphorylation in AgRP Neurons,False
kaist-A5100372671,W4405088418,김진우,0.67,False,False,2024,Cancer Research and Treatment,Identifying Trends in Oncology Research through a Bibliographic Analysis of Cancer Research and Treatment,False
kaist-A5100372671,W4415502506,김진우,0.684,False,False,2025,Scientific Reports,Structural and dynamic basis of Ssp4-mediated DNA protection in foodborne bacterial spores,False
snu-A5100752174,W4414429153,김진홍,0.563,False,False,2025,Journal of Power Electronics,High-voltage gain bidirectional two-switch active-clamp forward-flyback converter for low-voltage DC-DC converter for electric vehicles,False
snu-A5100752174,W4415346315,김진홍,0.588,False,True,2025,Journal of the KNST,A Study on Rollover Risk Analysis Methodology for Ensuring Road Transport Safety of Military Vehicles,False
snu-A5100752174,W4411798892,김진홍,0.629,True,False,2025,IEEE Access,Parameter Identification of Induction Motor Considering Soft Starter Characteristics,False
snu-A5100752174,W4294891570,김진홍,0.647,False,True,2022,IEEE Transactions on Vehicular Technology,Massive Data Generation for Deep Learning-Aided Wireless Systems Using Meta Learning and Generative Adversarial Network,False
snu-A5100752174,W4410194426,김진홍,0.648,False,True,2025,Energy and Buildings,Hybrid AI chiller model using transfer learning: Aleatoric and epistemic uncertainty,False
snu-A5100752174,W4361218594,김진홍,0.658,True,True,2023,Journal of Software Assessment and Valuation,A Study on AI-based SW Similarity Detection Model Design,False
snu-A5100752174,W4411022398,김진홍,0.669,True,False,2025,International Journal of Lean Six Sigma,"The adoption and implementation of Lean and Six Sigma in state governments and its impact on efficiency, effectiveness and equity",False
snu-A5100752174,W4224326730,김진홍,0.669,False,False,2022,Maxillofacial Plastic and Reconstructive Surgery,The effect of FK506 (tacrolimus) loaded with collagen membrane and fibrin glue on promotion of nerve regeneration in a rat sciatic nerve traction injury model,False
snu-A5100752174,W4403222602,김진홍,0.675,False,True,2024,Journal of The Electrochemical Society,Lithiophilic Protective Dual Layer Enabling Stable Electrodeposition of Lithium at High Current Density,False
snu-A5100752174,W4406807144,김진홍,0.677,False,False,2025,Nuclear Engineering and Technology,Comparison of LaBr3:Ce and CeBr3 scintillators for 55Fe detection,False
snu-A5100752174,W4313887511,김진홍,0.678,False,True,2023,Journal of Communications and Networks,Towards deep learning-aided wireless channel estimation and channel state information feedback for 6G,False
snu-A5100752174,W4309476575,김진홍,0.681,False,False,2022,Nuclear Engineering and Technology,Flexible liquid light-guide-based radiation sensor with LaBr3:Ce scintillator for remote gamma-ray spectroscopy,False
snu-A5100752174,W4386212018,김진홍,0.682,False,True,2023,Journal of Building Performance Simulation,Integrated control of radiant floor heating systems in residential buildings,False
snu-A5100752174,W4319773891,김진홍,0.683,False,True,2023,Energy and Buildings,Real-time model predictive cooling control for an HVAC system in a factory building,False
snu-A5100752174,W4402307915,김진홍,0.686,False,False,2024,Radiation Physics and Chemistry,Simulation study on identification of gamma ray-emitting radionuclides based on scintillation light output ratios,False
snu-A5100752174,W4226225242,김진홍,0.687,False,False,2022,Nuclear Engineering and Technology,Measurements of low dose rates of gamma-rays using position-sensitive plastic scintillation optical fiber detector,False
snu-A5100752174,W4400663510,김진홍,0.69,False,True,2024,Journal of the KNST,AI-based Mental Health Analysis and Management Strategies for Military Personnel,False
snu-A5100752174,W4416611113,김진홍,0.691,False,False,2025,Advanced Energy Materials,Compression‐Guided Formation of Interlocked Membrane–Electrode Interfaces Using Nickel Sponge for Anion Exchange Membrane Electrolysis (Adv. Energy Mater. 44/2025),False
snu-A5100752174,W4414248065,김진홍,0.691,False,False,2025,Advanced Energy Materials,Compression‐Guided Formation of Interlocked Membrane–Electrode Interfaces Using Nickel Sponge for Anion Exchange Membrane Electrolysis,False
snu-A5100752174,W4377820908,김진홍,0.694,False,False,2023,Nuclear Engineering and Technology,Monte Carlo simulations for gamma-ray spectroscopy using bismuth nanoparticle-containing plastic scintillators with spectral subtraction,False
snu-A5100752174,W4394019252,김진홍,0.697,False,False,2024,Ceramics International,High-temperature planar heating elements using RuO2 nanosheets,False
snu-A5100752174,W4301395230,김진홍,0.697,False,False,2022,Plasma Processes and Polymers,Outside Front Cover: Plasma Process. Polym. 10/2022,False
snu-A5100752174,W4398238725,김진홍,0.698,False,False,2024,Photonics,Acquiring Gamma-Ray Energy Spectrum Using a Plastic Scintillation Optical Fiber Detector,False
snu-A5100752174,W4391031940,김진홍,0.7,False,False,2024,Advanced Energy Materials,Rationally Designed Conversion‐Type Lithium Metal Protective Layer for All‐Solid‐State Lithium Metal Batteries,False
postech-A5068518101,W4367044423,김태경,0.58,False,False,2023,International Journal of Applied Earth Observation and Geoinformation,Multi-source deep data fusion and super-resolution for downscaling sea surface temperature guided by Generative Adversarial Network-based spatiotemporal dependency learning,False
postech-A5068518101,W4399686097,김태경,0.599,False,False,2024,Journal of Cleaner Production,Exploring green solvents for the sustainable fabrication of bio-based polylactic acid membranes using nonsolvent-induced phase separation,False
postech-A5068518101,W4390239648,김태경,0.6,False,True,2023,Hanguk bunmal jaeryo hakoeji,Fabrication of Polymer Composite with Enhanced Insulation and Mechanical Properties using Aluminum Borate Nanowhiskers,False
postech-A5068518101,W4411395231,김태경,0.61,False,True,2025,Membrane Journal,Prussian Blue Embedded Adsorptive Membrane for Cs Removal,False
postech-A5068518101,W4386913489,김태경,0.646,False,False,2023,Korean Journal of Clinical Pharmacy,Matching-adjusted Indirect Comparison (MAIC) of Tralokinumab Versus Dupilumab for the Treatment of Moderate to Severe Adult Atopic Dermatitis,False
postech-A5068518101,W4399049972,김태경,0.672,True,True,2024,Journal of Intelligence and Information Systems,Understanding Corporate Strategic Actions in Acquiring Treasury Shares: Application of Clustering Method,False
dgist-A5100670572,W4389805353,김태완,0.581,False,False,2023,European Journal of Medicinal Chemistry,Tumor–homing peptide iRGD-conjugate enhances tumor accumulation of camptothecin for colon cancer therapy,False
dgist-A5100670572,W4399012853,김태완,0.593,False,False,2024,Journal of Applied Microbiology,Antifungal mechanisms investigation of lactic acid bacteria against Aspergillus flavus : through combining microbial metabolomics and co-culture system,False
dgist-A5100670572,W4415407950,김태완,0.6,False,False,2025,Nano Letters,Laterally Confined Monolayer WS 2 Nanodots for Enhanced Excitonic Interaction,False
dgist-A5100670572,W4298148700,김태완,0.654,False,False,2022,Pharmacology Biochemistry and Behavior,Challenge exposure to whole cigarette smoke condensate upregulates locomotor sensitization by stimulating α4β2 nicotinic acetylcholine receptors in the nucleus accumbens of rats,False
dgist-A5100670572,W4388197837,김태완,0.658,True,True,2023,Environmental Biology Research,Assessment of drought stress in maize growing in coastal reclaimed lands on the Korean Peninsula using vegetation index,False
dgist-A5100670572,W4319655509,김태완,0.665,False,False,2023,PLoS ONE,Upregulation of programmed death ligand-1 in tumor-associated macrophages affects chemotherapeutic response in ovarian cancer cells,False
dgist-A5100670572,W4229038055,김태완,0.668,False,False,2022,The Journal of Nutritional Biochemistry,Stachydrine derived from fermented rice prevents diet-induced obesity by regulating adipsin and endoplasmic reticulum homeostasis,False
dgist-A5100670572,W4410541617,김태완,0.676,False,False,2025,Scientific Reports,"Early, very high-dose, and prolonged vitamin C administration in murine sepsis",False
dgist-A5100670572,W4386263162,김태완,0.679,False,False,2023,Korean Journal of Physiology and Pharmacology,Peptides derived from high voltage-gated calcium channel β subunit reduce blood pressure in rats,False
dgist-A5100670572,W4389341643,김태완,0.697,False,True,2023,Locality & Communication,A Study on the Factors Affecting Issue Ownership in Presidential Election: Focusing on the 20th Presidential Election in South Korea,False
kaist-A5023660115,W4385638515,김호민,0.622,False,False,2023,Chemical Engineering Science,Characterization of passive microfluidic mixer with a three-dimensional zig-zag channel for cryo-EM sampling,False
kaist-A5045941705,W4414530179,남윤성,0.699,True,True,2025,Cell Communication and Signaling,Aberrant neuronal firing: a paracrine route to glioblastoma expansion,False
dgist-A5021944943,W4415039897,남창훈,0.671,False,True,2025,Nano Select,Hydrogen Evolution via Oxygen Tolerant [NiFe]‐Hydrogenase Immobilized on TiO 2 Nanotubes,False
snu-A5079762603,W4408140407,노성훈,0.643,False,True,2025,Nature Communications,Microbiome-emitted scents activate olfactory neuron-independent airway-gut-brain axis to promote host growth in Drosophila,False
postech-A5069176618,W4306382249,박상기,0.543,False,True,2022,한국차학회지,Comparison of Active Components and Quality Characteristics of Black Tea from Korean Tea Cultivars,False
postech-A5069176618,W4285405986,박상기,0.577,False,True,2022,한국차학회지,Differences in Ingredient and Taste of Black Tea between Drying Methods,False
postech-A5069176618,W4389955451,박상기,0.625,False,False,2023,Applied Surface Science,Effects of high-temperature thermal reduction on thermal conductivity of reduced graphene oxide polymer composites,False
postech-A5069176618,W4385635818,박상기,0.652,False,False,2023,Advanced Functional Materials,On‐Chip Reconstitution of Uniformly Shear‐Sensing 3D Matrix‐Embedded Multicellular Blood Microvessel,False
postech-A5069176618,W4392473271,박상기,0.657,False,False,2024,Advanced Functional Materials,On‐Chip Reconstitution of Uniformly Shear‐Sensing 3D Matrix‐Embedded Multicellular Blood Microvessel (Adv. Funct. Mater. 10/2024),False
gist-A5102904761,W4406214279,박지용,0.684,False,True,2025,Trends in biotechnology,Acetogenesis to ethanologenesis: facilitating NADH oxidation via reductive acetate uptake,False
gist-A5100740580,W4379600189,박지환,0.599,False,False,2023,Menopause The Journal of The North American Menopause Society,Vasomotor and other menopause symptoms and the prevalence of ideal cardiovascular health metrics among premenopausal stage women,False
gist-A5100740580,W4377104067,박지환,0.607,False,False,2023,Biodiversity Data Journal,"Additional record of Tuponia Reuter (Heteroptera, Miridae, Phylinae) from Korea, with a new synonym and discussion on distribution",False
gist-A5100740580,W4309007171,박지환,0.608,False,False,2022,Applied Sciences,Design of Static Random-Access Memory Cell for Fault Tolerant Digital System,False
gist-A5100740580,W4281617875,박지환,0.611,False,False,2022,Nutrients,Alcohol Consumption Patterns and Risk of Early-Onset Vasomotor Symptoms in Premenopausal Women,False
gist-A5100740580,W4281250206,박지환,0.613,False,False,2022,The Journal of Clinical Endocrinology & Metabolism,Ideal Cardiovascular Health Metrics and Risk of Incident Early-Onset Vasomotor Symptoms Among Premenopausal Women,False
gist-A5100740580,W4392919603,박지환,0.622,False,False,2024,Journal of Affective Disorders,Early-onset vasomotor symptoms and development of depressive symptoms among premenopausal women,False
gist-A5100740580,W4412049224,박지환,0.624,False,False,2025,Maturitas,Menopausal stage transitions and associations with overall and domain-specific perceived stress in middle-aged Korean women,False
gist-A5100740580,W4388102258,박지환,0.629,False,True,2023,Resuscitation,410 Analysis of the Efficacy of Targeted Temperature Management in OHCA Patients Undergoing Extracorporeal Cardiopulmonary Resuscitation,False
gist-A5100740580,W4286629393,박지환,0.629,False,False,2022,Frontiers in Plant Science,Regulatory Modules Involved in the Degradation and Modification of Host Cell Walls During Cuscuta campestris Invasion,False
gist-A5100740580,W4376873681,박지환,0.638,False,False,2023,Scientific Reports,Association of endometriosis with genital human papillomavirus infection in US women: a national population-based study,False
gist-A5100740580,W4388031637,박지환,0.643,False,True,2023,Resuscitation,"413 The Impact of Targeted Temperature Management on Outcomes in OHCA patients Caused by Drowning, Asphyxia, and Self- Strangulation",False
gist-A5100740580,W4406527129,박지환,0.656,False,False,2025,Plant and Cell Physiology,Involvement of MID1-COMPLEMENTING ACTIVITY 1 encoding a mechanosensitive ion channel in prehaustorium development of the stem parasitic plant Cuscuta campestris,False
gist-A5100740580,W4402519944,박지환,0.662,False,False,2024,Journal of Affective Disorders,Menopausal stage transitions and their associations with overall and individual sleep quality in middle-aged Korean women,False
gist-A5100740580,W4372334037,박지환,0.666,False,False,2023,Genome biology,DDM1-mediated gene body DNA methylation is associated with inducible activation of defense-related genes in Arabidopsis,False
gist-A5100740580,W7117470387,박지환,0.671,False,False,2025,Genes to Cells,Talk Until You Drop: Lively Discussions at the 7th International Conference on Plant Vascular Biology 2025 in Osaka,False
gist-A5100740580,W4412981588,박지환,0.677,False,False,2025,Maturitas,Hearing changes and trajectories during the menopausal transition and their association with metabolic factors,False
gist-A5100740580,W4408328417,박지환,0.679,False,False,2025,Telemedicine Journal and e-Health,Large-Scale Teleradiology and Evolving Virtual Imaging Service in South Korea,False
unist-A5008036043,W4388312600,박태주,0.56,False,False,2023,Applied Surface Science,Towards modeling of ZrO2 atomic layer deposition at reactor scale based on experimental kinetic approximation,False
unist-A5008036043,W4366989600,박태주,0.574,False,False,2023,The Nerve,Neurogenic Thoracic Outlet Syndrome Induced by Subclavius Muscle Hypertrophy: A Case Report,False
unist-A5008036043,W4293107089,박태주,0.631,False,True,2022,Korean Literature Education Research,A Study on the Development of Evaluation Criteria for the Readability of Narrative Texts,False
unist-A5008036043,W4403989335,박태주,0.64,False,False,2024,Advanced Materials Interfaces,Controlled Engineering of Defects and Interfaces in Thermoelectric Materials With Atomic Layer Deposition,False
snu-A5044961635,W4319916027,백민경,0.695,False,True,2023,Biophysical Journal,Elucidating bacterial lipid transport mechanisms by the envelope-spanning LetAB complex,False
postech-A5080004279,W4388699701,백승태,0.673,False,False,2023,International Journal of Biological Sciences,Targeting phosphorylation circuits on CREB and CRTCs as the strategy to prevent acquired skin hyperpigmentation,False
kaist-A5062127128,W4285097788,손종우,0.66,False,True,2022,Cell Death and Disease,"Lomitapide, a cholesterol-lowering drug, is an anticancer agent that induces autophagic cell death via inhibiting mTOR",False
kaist-A5062127128,W4393943247,손종우,0.695,False,True,2024,Journal of korean Academy of Child and Adolescent Psychiatry,Assessment Methods for Problematic Eating Behaviors in Children and Adolescents With Autism Spectrum Disorder,False
snu-A5100619952,W4395454055,신근유,0.686,False,True,2024,Nature Immunology,A dietary commensal microbe enhances antitumor immunity by activating tumor macrophages to sequester iron,False
snu-A5020003410,W4385622411,심지원,0.603,False,False,2023,eNeuro,A Novel Interaction between MFN2/Marf and MARK4/PAR-1 Is Implicated in Synaptic Defects and Mitochondrial Dysfunction,False
snu-A5020003410,W4404516656,심지원,0.65,False,False,2024,Molecules and Cells,Brief guide to immunostaining,False
dgist-A5015429226,W4294770194,예경무,0.626,False,True,2022,Biochemical and Biophysical Research Communications,Establishment of a chemical tongue injury-recovery mouse model,False
postech-A5048461457,W4415753789,유주연,0.69,False,True,2025,Machine Learning Science and Technology,Inferring spatially varying bending stiffness of biopolymers with deep-learning approach,False
kaist-A5087466819,W4382056661,윤기준,0.623,False,True,2023,Nature Immunology,A virtual memory CD8+ T cell-originated subset causes alopecia areata through innate-like cytotoxicity,False
kaist-A5087466819,W4400987055,윤기준,0.647,False,True,2024,Nature Reviews Methods Primers,Holotomography,False
snu-A5055820463,W4386024104,윤태영,0.659,False,False,2023,HemaSphere,"S307: CEVIDOPLENIB (SKI-O-703), A NOVEL SYK INHIBITOR, REDUCES ANTIPHOSPHOLIPID ANTIBODY TITERS AND PREVENTS INTRAMYOCARDIAL SMALL ARTERIAL THROMBOSIS IN A MOUSE MODEL OF ANTIPHOSPHOLIPID SYNDROME",False
snu-A5055820463,W7155193821,윤태영,0.669,True,True,2026,Osteoarthritis and Cartilage,Articular Cartilage Regeneration in Osteoarthritis via Inducing Transcription Factor Condensation with the chemical compound,False
snu-A5055820463,W4308555274,윤태영,0.69,False,True,2022,Clinical & Experimental Immunology,A novel selective spleen tyrosine kinase inhibitor SKI-O-703 (cevidoplenib) ameliorates lupus nephritis and serum-induced arthritis in murine models,False
unist-A5035895380,W4296556759,윤혜진,0.542,False,False,2022,Journal of Pharmacoepidemiology and Risk Management,Introducing Patient Safety Activities in Canada: Focused on Medication Incidents and Preventions,False
dgist-A5000829476,W4295814118,이병훈,0.645,True,True,2022,Journal of the Korea Entertainment Industry Association,Factors Associated to Physical Activity Among University Faculty and Staffs : Using The Theory of Planned Behavior,False
dgist-A5078210130,W4316672412,이상임,0.644,False,True,2022,,Collaborative Implementation Process of the Toddler Class Curriculum Created by Toddlers and Teachers Together,False
dgist-A5078210130,W4390893642,이상임,0.65,False,True,2023,Early Childhood Education Research & Review,Educational Meaning of Implementing Curriculum Created by Infants and Teachers Together,False
unist-A5007769445,W4413883071,이상준,0.557,False,False,2025,Nature Machine Intelligence,Brain–computer interface control with artificial intelligence copilots,False
kaist-A5100434399,W4409310722,이승재,0.548,False,True,2025,Korean Journal of Environment and Ecology,"The Flora of Vascular plants and Characteristics of Vegetation Structure of Forest Genetic Resources Reserve in Mt. Balwang, South Korea1a",False
kaist-A5100434399,W4391091908,이승재,0.595,False,False,2024,JACC: Cardiovascular Interventions,Intravascular Imaging-Guided Percutaneous Coronary Intervention Before and After Standardized Optimization Protocols,False
kaist-A5100434399,W7134276480,이승재,0.596,True,False,2026,JACC: Cardiovascular Interventions,Clinical Impact of Diabetes Mellitus After Intravascular Imaging–Guided PCI vs Coronary Artery Bypass Grafting,False
kaist-A5100434399,W4290458948,이승재,0.617,True,True,2022,Journal of Agricultural Engineering,Comparative study of coating agents for prevention of fine-dust-induced light transmittance reduction in greenhouse covering materials,False
kaist-A5100434399,W4388486674,이승재,0.62,False,True,2023,JACC. Cardiovascular imaging,Optical Coherence Tomography Compared With Intravascular Ultrasound and Angiography in Complex Coronary Artery Lesions,False
kaist-A5100434399,W4416097985,이승재,0.641,False,False,2025,Ecosphere,Phylogenetic structure and β‐diversity reveal assembly mechanisms of subalpine Abies forests in South Korea,False
kaist-A5100434399,W4416369124,이승재,0.647,False,False,2025,European Heart Journal,Optical coherence tomography-guided stent optimization for complex coronary lesions: the OCCUPI trial,False
kaist-A5100434399,W4389309359,이승재,0.656,False,True,2023,Journal of the Korea Academia-Industrial cooperation Society,An Analysis of Social Value Priorities Affecting Low Fertility Rate and Suggestions for Maintaining Industrial Manpower in South Korea,False
kaist-A5100434399,W4394722258,이승재,0.662,False,True,2024,Journal of Coaching Development,Research on Globalization Measures Through Ssireum’s AI Technology,False
kaist-A5100434399,W4400868145,이승재,0.664,True,True,2024,Journal of Golf Studies,Effect of Wearing Individually Tailored Arch Support Insoles in College Golfers on Golf Performance and Lower Extremity Muscle Fatigue,False
kaist-A5100434399,W4380606777,이승재,0.671,False,True,2023,Journal of Coaching Development,Characteristics of Ssireum in Kisan Kim Junkeun’s Genre Painting,False
kaist-A5100434399,W4408011277,이승재,0.678,False,True,2025,New Physics Sae Mulli,Design of an Image Acquisition System for Non-Destructive Testing Using High Energy Radiation,False
snu-A5100638533,W4405821347,이원재,0.569,True,False,2024,Journal of the Korean Physical Society,Quality improvement of SiC single crystal by modification of hot zone design adoption with denser graphite insulation in PVT growth,False
snu-A5100638533,W4395681555,이원재,0.612,False,False,2024,Endocrinology and Metabolism,"Clinical Characteristics, Diagnosis, and Treatment of Thyroid Stimulating Hormone-Secreting Pituitary Neuroendocrine Tumor (TSH PitNET): A Single-Center Experience",False
snu-A5100638533,W4391536322,이원재,0.614,False,False,2024,Endocrinology and Metabolism,"Clinical Characteristics, Diagnosis, and Treatment of Thyroid Stimulating Hormone-Secreting Pituitary Neuroendocrine Tumor (TSH PitNET): A Single-Center Experience",False
snu-A5100638533,W4386758102,이원재,0.621,False,False,2023,Cognitive Neuroscience,The pattern of intra-/inter-hemispheric interactions of left and right hemispheres in visual word processing,False
snu-A5100638533,W4408410407,이원재,0.622,False,False,2025,Journal for ImmunoTherapy of Cancer,Novel anti-CD73-IL-2v bispecific fusion protein augments antitumor immunity by alleviating immunosuppressive adenosine pathways in CD8+ T cells,False
snu-A5100638533,W4411652539,이원재,0.64,False,False,2025,Frontiers in Cardiovascular Medicine,The association between multi-inflammatory index and long-term mortality in post-myocardial infarction patients treated with percutaneous coronary intervention,False
snu-A5100638533,W4410478142,이원재,0.647,True,True,2025,Journal of Coaching Development,Analyzing the Mediating Role of Career Commitment in the Relationship Between Employee Engagement and Innovative Behavior Among Participants in the International Taekwondo Master Training,False
snu-A5100638533,W4317502671,이원재,0.683,False,True,2023,Toxics,Multiple Site Dissimilarities of Herbaceous Species Due to Coal Fly Ash Dumping Based Soil Heavy Metal Toxication,False
snu-A5100364611,W4416202650,이은주,0.518,False,False,2025,Analytical Methods,MALDI mass spectrometry analysis of N -glycans through DMTMM-mediated benzylamidation and Girard's reagent P labeling,False
snu-A5100364611,W4295540358,이은주,0.617,False,True,2022,Annals of the International Communication Association,How communication scholars see open scholarship,False
snu-A5073145639,W4391939246,이일하,0.513,True,True,2024,Veterinary Anaesthesia and Analgesia,Cardiopulmonary and recovery effect of intravenous caffeine in anesthetized Beagle dogs,False
snu-A5073145639,W4317211514,이일하,0.564,False,True,2023,Veterinary Anaesthesia and Analgesia,Effect of temperature-responsive hydrogel on femoral and sciatic nerve block using bupivacaine in Beagle dogs,False
snu-A5073145639,W4317211369,이일하,0.576,False,True,2023,Veterinary Anaesthesia and Analgesia,Effect of thermo-responsive hydrogel on epidural anesthesia in Beagle dogs,False
snu-A5100366248,W7196943487,이준호,0.552,False,False,2026,IEEE Wireless Communications Letters,Dynamic Switching Friendly Jamming for Physical-Layer Security in LEO Constellations,False
snu-A5100366248,W7161728850,이준호,0.574,False,False,2026,Journal of environmental chemical engineering,Synergistic effect of pyridinic and graphitic nitrogen in reduced graphene oxide for enhanced oxygen reduction reaction and metal-free electro-Fenton,False
snu-A5100366248,W4388002638,이준호,0.591,False,False,2023,International Journal of Hydrogen Energy,Porous Ni–Fe–Cr electrocatalyst for the oxygen and hydrogen evolution reaction via facile one-step electrodeposition,False
snu-A5100366248,W4386385526,이준호,0.677,False,True,2023,Veterinary Research,Genomic molecular epidemiology of carbapenemase-producing Escherichia coli ST410 isolates by complete genome analysis,False
snu-A5100447456,W7118068601,이지영,0.459,False,False,2026,Clinical & Translational Oncology,Clinical utility of longitudinal circulating tumor DNA analysis in metastatic colorectal cancer patients receiving palliative chemotherapy,False
snu-A5100447456,W4398766350,이지영,0.55,False,False,2024,Scientific Reports,Transcriptome profiling and characterization of peritoneal metastasis ovarian cancer xenografts in humanized mice,False
snu-A5100447456,W4322155148,이지영,0.584,False,False,2023,Korean Society of Hazard Mitigation,Development and Verification of the Effectiveness of Neutralization Devices for Human Body Detoxification in Cases of Hazardous Chemical Exposure,False
snu-A5100447456,W4410830891,이지영,0.594,False,False,2025,Nature Communications,Genome-wide association studies in a large Korean cohort identify quantitative trait loci for 36 traits and illuminate their genetic architectures,False
snu-A5100447456,W4213029256,이지영,0.594,True,True,2022,Urimal Society,A Historical Study on the quoted constructions: focusing on [V-otʌy] constructions and [V-kilul] constructions,False
snu-A5100447456,W4281257462,이지영,0.612,False,False,2022,Small Methods,3D Neural Network Composed of Neurospheroid and Bionanohybrid on Microelectrode Array to Realize the Spatial Input Signal Recognition in Neurospheroid,False
snu-A5100447456,W4223942824,이지영,0.634,False,True,2022,Ceramics International,Nanoindentation and TEM investigation of spark plasma sintered TiB2–SiC composite,False
snu-A5100447456,W4409403796,이지영,0.637,False,False,2025,Journal of Microbiology and Biotechnology,Advancing Gut Microbiome Research: The Shift from Metagenomics to Multi-Omics and Future Perspectives,False
snu-A5100447456,W4308694970,이지영,0.644,True,True,2022,Korean Journal of Environment and Ecology,Riparian Vegetation Monitoring and Health Assessment by Pilot Opening of Nakdonggang River Estuary1a,False
snu-A5100447456,W4285796057,이지영,0.646,False,True,2022,Journal of the Australian Ceramic Society,Effect of iron nanoparticles on spark plasma sinterability of ZrB2-based ceramics,False
snu-A5100447456,W4400150035,이지영,0.65,False,False,2024,Current Developments in Nutrition,Astaxanthin Inhibits Alcohol-Induced Cell Damage Through the Modulation of Mitochondrial Unfolded Protein Response in Kupffer Cells,False
snu-A5100447456,W4292264873,이지영,0.659,False,False,2022,Small Methods,3D Neural Network Composed of Neurospheroid and Bionanohybrid on Microelectrode Array to Realize the Spatial Input Signal Recognition in Neurospheroid (Small Methods 8/2022),False
postech-A5074578302,W4221096170,이지오,0.68,False,True,2022,International Journal of Biological Macromolecules,Structural features of a minimal intact methyltransferase of a type I restriction-modification system,False
dgist-A5037567383,W4414088880,이창훈,0.656,False,True,2025,Journal of Institute of Control Robotics and Systems,A Study on Target/Non-target Identification and Projectile Classification Algorithms Using Counter-battery Radar Measurements,False
dgist-A5037567383,W4409512586,이창훈,0.672,False,True,2025,Journal of Preventive Veterinary Medicine,Efficacy and safety of Fluralaner plus Moxidectin spot on against the infestation of internal and external parasites,False
dgist-A5037567383,W7141496046,이창훈,0.694,True,True,2026,Protein Expression and Purification,Expression and purification of the ectodomain of erythropoietin receptor fused to mCitrine or mTFP1 fluorescent protein in Escherichia coli,False
snu-A5052639020,W4414394901,이현숙,0.548,False,False,2025,Genes & Genomics,Expression profiling of flowering time pathway in the L-ascorbate peroxidase 9 (APX9) near-isogenic line derived from an interspecific cross between Korean Japonica rice (Oryza sativa L.) and Oryza rufipogon,False
snu-A5052639020,W4205623032,이현숙,0.577,False,False,2022,Frontiers in Plant Science,A Novel Embryo Phenotype Associated With Interspecific Hybrid Weakness in Rice Is Controlled by the MADS-Domain Transcription Factor OsMADS8,False
snu-A5052639020,W4402206582,이현숙,0.579,False,False,2024,Korean Journal of Breeding Science,Mid-Late Maturing Glutinous Rice Cultivar ‘JJ644wx’ with Multiple Disease Resistance and Lodging Tolerance,False
snu-A5052639020,W4410545895,이현숙,0.593,False,False,2025,Plant Breeding and Biotechnology,Machine Learning-Based Heading Date QTL Detection in Rice,False
snu-A5052639020,W4323308803,이현숙,0.594,False,False,2023,Korean Journal of Breeding Science,"The Multiple Disease-resistant, Mid-late Maturing Rice Cultivar ‘Chamdongjin’, Carrying the Bacterial Blight Resistance Gene Xa21 , with the Genetic Background of ‘Sindongjin’",False
snu-A5052639020,W4310638963,이현숙,0.599,False,False,2022,Rice,Characterization of Domestication Loci Associated with Awn Development in Rice,False
snu-A5052639020,W4289868607,이현숙,0.599,False,False,2022,Frontiers in Plant Science,Interaction of starch branching enzyme 3 and granule-bound starch synthase 1 alleles increases amylose content and alters physico-chemical properties in japonica rice (Oryza sativa L.),False
snu-A5052639020,W4414026623,이현숙,0.602,True,False,2025,Korean Journal of Breeding Science,Analysis of Seed Vigor and Grain Quality Traits under Accelerated Aging Treatment in japonica Rice,False
snu-A5052639020,W7140526854,이현숙,0.622,False,False,2026,Theoretical and Applied Genetics,Integrating image-based phenotyping and QTL mapping to enhance genetic resistance and accelerate breeding for bacterial grain rot resistance in rice,False
snu-A5052639020,W4322760787,이현숙,0.63,False,False,2023,Plant Breeding and Biotechnology,Allelic Diversity at Protein Disulfide Isomerase Like 1-1 (PDIL1-1) Gene is Associated with Amylose Content in Japonica Rice,False
snu-A5052639020,W4295346003,이현숙,0.635,True,False,2022,Sensors and Actuators B Chemical,Significant improvement in the acetone sensing performance of Ag-decorated ZnO porous nanosheets through defect engineering by Li-ion implantation,False
snu-A5052639020,W4385188553,이현숙,0.639,True,False,2023,Sensors and Actuators B Chemical,Highly stable and reversible hydrogen sensors using Pd-coated SnO2 nanorods and an electrode–substrate interface as a parallel conduction channel,False
snu-A5052639020,W4398174938,이현숙,0.647,True,False,2024,Frontiers in Plant Science,GWAS analysis reveals the genetic basis of blast resistance associated with heading date in rice,False
snu-A5052639020,W4404333126,이현숙,0.657,False,True,2024,The Journal of Korean Association of Computer Education,Validating a Diagnostic Tool for Assessing Software Competency in College Students,False
snu-A5052639020,W7151239923,이현숙,0.659,True,False,2026,Journal of Energy Storage,Early hydrogen gas detection as a predictive strategy for thermal runaway mitigation in lithium-ion batteries under variable heating conditions,False
snu-A5052639020,W4313220061,이현숙,0.659,True,True,2022,마한백제문화,The Present Conditions and Meaning of the ritual implements for the land-God(地鎭具) in Baekje,False
snu-A5052639020,W4388537119,이현숙,0.664,False,True,2023,The hoseo Archaeological Society,Structural analysis of building site during the Ungjin period of Baekje,False
snu-A5052639020,W4412707818,이현숙,0.668,False,False,2025,Scientific Reports,Spontaneous mutation in OsABCI8 caused an albino rice mutant induced by transplanting,False
snu-A5052639020,W4281618740,이현숙,0.677,False,True,2022,Health & Nursing,Factors Associated with Job Satisfaction in Integrated Service and General Unit Nurses in General Hospitals,False
snu-A5052639020,W4392380314,이현숙,0.691,False,True,2024,Gastrointestinal Endoscopy,Establishment of a patient-specific avatar organoid model derived from EUS-guided fine-needle biopsy for timely clinical application in pancreatic ductal adenocarcinoma (with video),False
snu-A5052639020,W4411923482,이현숙,0.692,False,True,2025,Experimental & Molecular Medicine,Structural mechanism of insulin receptor activation by a dimeric aptamer agonist,False
snu-A5016011384,W4392559351,이홍균,0.534,False,False,2024,Journal of the Korean Society of Physical Medicine,Effect of a Low-Intensity Combined Exercise Program using Props on the Daily Living Fitness and Quality of Life of Elderly Women,False
snu-A5016011384,W4393216244,이홍균,0.623,False,False,2024,Cell Reports,Derivation of functional thymic epithelial organoid lines from adult murine thymus,False
snu-A5016011384,W4409730083,이홍균,0.666,False,False,2025,Nature,Psychedelic control of neuroimmune interactions governing fear,False
snu-A5016011384,W4368404747,이홍균,0.684,True,True,2023,Journal of the Korea Academia-Industrial cooperation Society,The Effects of PNF Pattern Walkinng on Gait Ability and Foot Plantar Pressure Balance in the Senile,False
snu-A5016011384,W4402861555,이홍균,0.693,False,False,2024,Nature Protocols,Droplet-based functional CRISPR screening of cell–cell interactions by SPEAC-seq,False
snu-A5067045439,W7165046505,임영운,0.612,False,True,2026,Bioorganic Chemistry,"Norlichexanthone, a shunt product of Griseofulvin, disrupts spindle assembly checkpoint and nucleocytoplasmic transport by targeting TPR in the nuclear pore complex",False
snu-A5067045439,W4407869967,임영운,0.658,False,True,2025,Journal of Enzyme Inhibition and Medicinal Chemistry,"Bioactivity profiling of Sanghuangporus lonicerinus : antioxidant, hypoglycaemic, and anticancer potential via in-vitro and in-silico approaches",False
kaist-A5038871139,W4310589329,임정훈,0.698,True,False,2022,Journal of Neurogenetics,Circadian gating of light-induced arousal in Drosophila sleep,False
gist-A5010846406,W4324346028,전영수,0.596,False,True,2023,Biochemical and Biophysical Research Communications,SEC22B inhibition attenuates colorectal cancer aggressiveness and autophagic flux under unfavorable environment,False
gist-A5023173703,W4399126088,전창덕,0.693,False,True,2024,American Journal of Medical Genetics Part A,"A milder form of NSRP1‐associated neurodevelopmental disorder, caused by a missense variant in the nuclear localization signal",False
gist-A5075061660,W4416930931,조경래,0.673,False,False,2025,Klinische Pädiatrie,"Prognostic value of 18F-FDG PET/CT volumetric parameters in childhood, adolescent, and young adult Hodgkin lymphoma (CAYAHL): a systematic review from the international SEARCH group (Staging, Evaluation and Response Criteria Harmonization)",False
kaist-A5089223715,W7165847018,조원기,0.671,False,True,2026,Journal for ImmunoTherapy of Cancer,Chimeric switch scaffold protein augments CAR synapse formation and signaling networks,False
gist-A5088628057,W4214887741,진미선,0.684,False,True,2022,European Journal of Human Genetics,A novel in-frame GFAP p.E138_L148del mutation in Type II Alexander disease with atypical phenotypes,False
postech-A5052023515,W4408695367,최규하,0.644,False,True,2025,Proceedings of the National Academy of Sciences,ETV5 reduces androgen receptor expression and induces neural stem–like properties during neuroendocrine prostate cancer development,False
kaist-A5089750807,W7160891264,최길주,0.662,False,True,2026,ACS Applied Materials & Interfaces,"Nanobody-Based Biotemplating Enables Nanoscale-Precision Metallization of Cellular, Tissue, and Plant Architectures",False
snu-A5057696830,W4287009871,최연희,0.527,False,False,2022,Biomedicines,Capsanthin Inhibits Atherosclerotic Plaque Formation and Vascular Inflammation in ApoE−/− Mice,False
snu-A5057696830,W7133543923,최연희,0.677,False,False,2026,Cellular Signalling,APE1/Ref-1 redox function prevents VSMC phenotypic switching through KLF4 suppression,False
snu-A5091015282,W4415610899,최희정,0.606,False,False,2025,Phytochemistry Letters,Antiviral effect of Hoveniae Semen Seu Fructus against Influenza A viral infection,False
snu-A5091015282,W4416943581,최희정,0.663,False,False,2025,Nature Communications,The E2F1-HMGCR axis promotes ferroptosis resistance in immune refractory tumor cells,False
snu-A5091015282,W4400873579,최희정,0.685,False,False,2024,Nutrients,Selaginella tamariscina Ethanol Extract Attenuates Influenza A Virus Infection by Inhibiting Hemagglutinin and Neuraminidase,False
snu-A5091015282,W4389592974,최희정,0.689,False,False,2023,Journal of Functional Foods,Hoveniae Semen Seu Fructus water extract inhibits influenza A virus infection,False
kaist-A5055397906,W4206506537,한진희,0.664,False,True,2022,Life,Ginsenoside F1 Protects the Brain against Amyloid Beta-Induced Toxicity by Regulating IDE and NEP,False
snu-A5043286860,W4409086309,허원기,0.687,True,True,2025,Vaccine,Sensitive detection of pertussis toxin in acellular pertussis vaccines using HRH1-mediated calcium signaling,False
snu-A5027374744,W7140910958,황대희,0.695,False,False,2026,Frontiers in Public Health,"Association between smoking cessation and depressive symptoms according to cessation duration, pack-years, and tobacco product type: a nationwide cross-sectional study in Korea",False
snu-A5027374744,W4221041191,황대희,0.699,False,True,2022,Plant Cell & Environment,Ethylene responsive factor34 mediates stress‐induced leaf senescence by regulating salt stress‐responsive genes,False
